Gene,Selected Allele,Sequence,Fill Status
TRBV1,TRBV1*01,GATACTGGAATTACCCAGACACCAAAATACCTGGTCACAGCAATGGGGAGTAAAAGGACAATGAAACGTGAGCATCTGGGACATGATTCTATGTATTGGTACAGACAGAAAGCTAAGAAATCCCTGGAGTTCATGTTTTACTACAACTGTAAGGAATTCATTGAAAACAAGACTGTGCCAAATCACTTCACACCTGAATGCCCTGACAGCTCTCGCTTATACCTTCATGTGGTCGCACTGCAGCAAGAAGACTCAGCTGCGTATCTCTGCACCAGCAGCCAAGA,Confirmed
TRBV10-1,TRBV10-1*01,GATGCTGAAATCACCCAGAGCCCAAGACACAAGATCACAGAGACAGGAAGGCAGGTGACCTTGGCGTGTCACCAGACTTGGAACCACAACAATATGTTCTGGTATCGACAAGACCTGGGACATGGGCTGAGGCTGATCCATTACTCATATGGTGTTCAAGACACTAACAAAGGAGAAGTCTCAGATGGCTACAGTGTCTCTAGATCAAACACAGAGGACCTCCCCCTCACTCTGGAGTCTGCTGCCTCCTCCCAGACATCTGTATATTTCTGCGCCAGCAGTGAGTC,Confirmed
TRBV10-2,TRBV10-2*01,GATGCTGGAATCACCCAGAGCCCAAGATACAAGATCACAGAGACAGGAAGGCAGGTGACCTTGATGTGTCACCAGACTTGGAGCCACAGCTATATGTTCTGGTATCGACAAGACCTGGGACATGGGCTGAGGCTGATCTATTACTCAGCAGCTGCTGATATTACAGATAAAGGAGAAGTCCCCGATGGCTATGTTGTCTCCAGATCCAAGACAGAGAATTTCCCCCTCACTCTGGAGTCAGCTACCCGCTCCCAGACATCTGTGTATTTCTGCGCCAGCAGTGAGTC,Confirmed
TRBV10-3,TRBV10-3*01,GATGCTGGAATCACCCAGAGCCCAAGACACAAGGTCACAGAGACAGGAACACCAGTGACTCTGAGATGTCACCAGACTGAGAACCACCGCTATATGTACTGGTATCGACAAGACCCGGGGCATGGGCTGAGGCTGATCCATTACTCATATGGTGTTAAAGATACTGACAAAGGAGAAGTCTCAGATGGCTATAGTGTCTCTAGATCAAAGACAGAGGATTTCCTCCTCACTCTGGAGTCCGCTACCAGCTCCCAGACATCTGTGTACTTCTGTGCCATCAGTGAGTC,Confirmed
TRBV11-1,TRBV11-1*01,GAAGCTGAAGTTGCCCAGTCCCCCAGATATAAGATTACAGAGAAAAGCCAGGCTGTGGCTTTTTGGTGTGATCCTATTTCTGGCCATGCTACCCTTTACTGGTACCGGCAGATCCTGGGACAGGGCCCGGAGCTTCTGGTTCAATTTCAGGATGAGAGTGTAGTAGATGATTCACAGTTGCCTAAGGATCGATTTTCTGCAGAGAGGCTCAAAGGAGTAGACTCCACTCTCAAGATCCAGCCTGCAGAGCTTGGGGACTCGGCCATGTATCTCTGTGCCAGCAGCTTAGC,Confirmed
TRBV11-2,TRBV11-2*01,GAAGCTGGAGTTGCCCAGTCTCCCAGATATAAGATTATAGAGAAAAGGCAGAGTGTGGCTTTTTGGTGCAATCCTATATCTGGCCATGCTACCCTTTACTGGTACCAGCAGATCCTGGGACAGGGCCCAAAGCTTCTGATTCAGTTTCAGAATAACGGTGTAGTGGATGATTCACAGTTGCCTAAGGATCGATTTTCTGCAGAGAGGCTCAAAGGAGTAGACTCCACTCTCAAGATCCAGCCTGCAAAGCTTGAGGACTCGGCCGTGTATCTCTGTGCCAGCAGCTTAGA,Confirmed
TRBV11-3,TRBV11-3*01,GAAGCTGGAGTGGTTCAGTCTCCCAGATATAAGATTATAGAGAAAAAACAGCCTGTGGCTTTTTGGTGCAATCCTATTTCTGGCCACAATACCCTTTACTGGTACCTGCAGAACTTGGGACAGGGCCCGGAGCTTCTGATTCGATATGAGAATGAGGAAGCAGTAGACGATTCACAGTTGCCTAAGGATCGATTTTCTGCAGAGAGGCTCAAAGGAGTAGACTCCACTCTCAAGATCCAGCCTGCAGAGCTTGGGGACTCGGCCGTGTATCTCTGTGCCAGCAGCTTAGA,Confirmed
TRBV12-1,TRBV12-1*01,GATGCTGGTGTTATCCAGTCACCCAGGCACAAAGTGACAGAGATGGGACAATCAGTAACTCTGAGATGCGAACCAATTTCAGGCCACAATGATCTTCTCTGGTACAGACAGACCTTTGTGCAGGGACTGGAATTGCTGAATTACTTCTGCAGCTGGACCCTCGTAGATGACTCAGGAGTGTCCAAGGATTGATTCTCAGCACAGATGCCTGATGTATCATTCTCCACTCTGAGGATCCAGCCCATGGAACCCAGGGACTTGGGCCTATATTTCTGTGCCAGCAGCTTTGC,Confirmed
TRBV12-2,TRBV12-2*01,GATGCTGGCATTATCCAGTCACCCAAGCATGAGGTGACAGAAATGGGACAAACAGTGACTCTGAGATGTGAGCCAATTTTTGGCCACAATTTCCTTTTCTGGTACAGAGATACCTTCGTGCAGGGACTGGAATTGCTGAGTTACTTCCGGAGCTGATCTATTATAGATAATGCAGGTATGCCCACAGAGCGATTCTCAGCTGAGAGGCCTGATGGATCATTCTCTACTCTGAAGATCCAGCCTGCAGAGCAGGGGGACTCGGCCGTGTATGTCTGTGCAAGTCGCTTAGC,Confirmed
TRBV12-3,TRBV12-3*01,GATGCTGGAGTTATCCAGTCACCCCGCCATGAGGTGACAGAGATGGGACAAGAAGTGACTCTGAGATGTAAACCAATTTCAGGCCACAACTCCCTTTTCTGGTACAGACAGACCATGATGCGGGGACTGGAGTTGCTCATTTACTTTAACAACAACGTTCCGATAGATGATTCAGGGATGCCCGAGGATCGATTCTCAGCTAAGATGCCTAATGCATCATTCTCCACTCTGAAGATCCAGCCCTCAGAACCCAGGGACTCAGCTGTGTACTTCTGTGCCAGCAGTTTAGC,Confirmed
TRBV12-4,TRBV12-4*01,GATGCTGGAGTTATCCAGTCACCCCGGCACGAGGTGACAGAGATGGGACAAGAAGTGACTCTGAGATGTAAACCAATTTCAGGACACGACTACCTTTTCTGGTACAGACAGACCATGATGCGGGGACTGGAGTTGCTCATTTACTTTAACAACAACGTTCCGATAGATGATTCAGGGATGCCCGAGGATCGATTCTCAGCTAAGATGCCTAATGCATCATTCTCCACTCTGAAGATCCAGCCCTCAGAACCCAGGGACTCAGCTGTGTACTTCTGTGCCAGCAGTTTAGC,Confirmed
TRBV12-5,TRBV12-5*01,GATGCTAGAGTCACCCAGACACCAAGGCACAAGGTGACAGAGATGGGACAAGAAGTAACAATGAGATGTCAGCCAATTTTAGGCCACAATACTGTTTTCTGGTACAGACAGACCATGATGCAAGGACTGGAGTTGCTGGCTTACTTCCGCAACCGGGCTCCTCTAGATGATTCGGGGATGCCGAAGGATCGATTCTCAGCAGAGATGCCTGATGCAACTTTAGCCACTCTGAAGATCCAGCCCTCAGAACCCAGGGACTCAGCTGTGTATTTTTGTGCTAGTGGTTTGGT,Confirmed
TRBV13,TRBV13*01,GCTGCTGGAGTCATCCAGTCCCCAAGACATCTGATCAAAGAAAAGAGGGAAACAGCCACTCTGAAATGCTATCCTATCCCTAGACACGACACTGTCTACTGGTACCAGCAGGGTCCAGGTCAGGACCCCCAGTTCCTCATTTCGTTTTATGAAAAGATGCAGAGCGATAAAGGAAGCATCCCTGATCGATTCTCAGCTCAACAGTTCAGTGACTATCATTCTGAACTGAACATGAGCTCCTTGGAGCTGGGGGACTCAGCCCTGTACTTCTGTGCCAGCAGCTTAGG,Confirmed
TRBV14,TRBV14*01,GAAGCTGGAGTTACTCAGTTCCCCAGCCACAGCGTAATAGAGAAGGGCCAGACTGTGACTCTGAGATGTGACCCAATTTCTGGACATGATAATCTTTATTGGTATCGACGTGTTATGGGAAAAGAAATAAAATTTCTGTTACATTTTGTGAAAGAGTCTAAACAGGATGAGTCCGGTATGCCCAACAATCGATTCTTAGCTGAAAGGACTGGAGGGACGTATTCTACTCTGAAGGTGCAGCCTGCAGAACTGGAGGATTCTGGAGTTTATTTCTGTGCCAGCAGCCAAGA,Confirmed
TRBV15,TRBV15*01,GATGCCATGGTCATCCAGAACCCAAGATACCAGGTTACCCAGTTTGGAAAGCCAGTGACCCTGAGTTGTTCTCAGACTTTGAACCATAACGTCATGTACTGGTACCAGCAGAAGTCAAGTCAGGCCCCAAAGCTGCTGTTCCACTACTATGACAAAGATTTTAACAATGAAGCAGACACCCCTGATAACTTCCAATCCAGGAGGCCGAACACTTCTTTCTGCTTTCTTGACATCCGCTCACCAGGCCTGGGGGACACAGCCATGTACCTGTGTGCCACCAGCAGAGA,Confirmed
TRBV16,TRBV16*02,GGTGAAGAAGTCGCCCAGACTCCAAAACATCTTGTCAGAGGGGAAGGACAGAAAGCAAAATTATATTGTGCCCCAATAAAAGGACACAGTTAGGTTTTTTGGTACCAACAGGTCCTGAAAAACGAGTTCAAGTTCTTGATTTCCTTCCAGAATGAAAATGTCTTTGATGAAACAGGTATGCCCAAGGAAAGATTTTCAGCTAAGTGCCTCCCAAATTCACCCTGTAGCCTTGAGATCCAGGCTACGAAGCTTGAGGATTCAGCAGTGTATTTTTGTGCCAGCAGCCAATC,Confirmed
TRBV17,TRBV17*01,GAGCCTGGAGTCAGCCAGACCCCCAGACACAAGGTCACCAACATGGGACAGGAGGTGATTCTGAGGTGCGATCCATCTTCTGGTCACATGTTTGTTCACTGGTACCGACAGAATCTGAGGCAAGAAATGAAGTTGCTGATTTCCTTCCAGTACCAAAACATTGCAGTTGATTCAGGGATGCCCAAGGAACGATTCACAGCTGAAAGACCTAACGGAACGTCTTCCACGCTGAAGATCCATCCCGCAGAGCCGAGGGACTCAGCCGTGTATCTCTACAGTAGCGGTGG,Confirmed
TRBV18,TRBV18*01,AATGCCGGCGTCATGCAGAACCCAAGACACCTGGTCAGGAGGAGGGGACAGGAGGCAAGACTGAGATGCAGCCCAATGAAAGGACACAGTCATGTTTACTGGTATCGGCAGCTCCCAGAGGAAGGTCTGAAATTCATGGTTTATCTCCAGAAAGAAAATATCATAGATGAGTCAGGAATGCCAAAGGAACGATTTTCTGCTGAATTTCCCAAAGAGGGCCCCAGCATCCTGAGGATCCAGCAGGTAGTGCGAGGAGATTCGGCAGCTTATTTCTGTGCCAGCTCACCACC,Confirmed
TRBV19,TRBV19*01,GATGGTGGAATCACTCAGTCCCCAAAGTACCTGTTCAGAAAGGAAGGACAGAATGTGACCCTGAGTTGTGAACAGAATTTGAACCACGATGCCATGTACTGGTACCGACAGGACCCAGGGCAAGGGCTGAGATTGATCTACTACTCACAGATAGTAAATGACTTTCAGAAAGGAGATATAGCTGAAGGGTACAGCGTCTCTCGGGAGAAGAAGGAATCCTTTCCTCTCACTGTGACATCGGCCCAAAAGAACCCGACAGCTTTCTATCTCTGTGCCAGTAGTATAGA,Confirmed
TRBV2,TRBV2*01,GAACCTGAAGTCACCCAGACTCCCAGCCATCAGGTCACACAGATGGGACAGGAAGTGATCTTGCGCTGTGTCCCCATCTCTAATCACTTATACTTCTATTGGTACAGACAAATCTTGGGGCAGAAAGTCGAGTTTCTGGTTTCCTTTTATAATAATGAAATCTCAGAGAAGTCTGAAATATTCGATGATCAATTCTCAGTTGAAAGGCCTGATGGATCAAATTTCACTCTGAAGATCCGGTCCACAAAGCTGGAGGACTCAGCCATGTACTTCTGTGCCAGCAGTGAAGC,Confirmed
TRBV20-1,TRBV20-1*01,GGTGCTGTCGTCTCTCAACATCCGAGCTGGGTTATCTGTAAGAGTGGAACCTCTGTGAAGATCGAGTGCCGTTCCCTGGACTTTCAGGCCACAACTATGTTTTGGTATCGTCAGTTCCCGAAACAGAGTCTCATGCTGATGGCAACTTCCAATGAGGGCTCCAAGGCCACATACGAGCAAGGCGTCGAGAAGGACAAGTTTCTCATCAACCATGCAAGCCTGACCTTGTCCACTCTGACAGTGACCAGTGCCCATCCTGAAGACAGCAGCTTCTACATCTGCAGTGCTAGAGA,Confirmed
TRBV21-1,TRBV21-1*01,GACACCAAGGTCACCCAGAGACCTAGACTTCTGGTCAAAGCAAGTGAACAGAAAGCAAAGATGGATTGTGTTCCTATAAAAGCACATAGTTATGTTTACTGGTATCGTAAGAAGCTGGAAGAAGAGCTCAAGTTTTTGGTTTACTTTCAGAATGAAGAACTTATTCAGAAAGCAGAAATAATCAATGAGCGATTTTTAGCCCAATGCTCCAAAAACTCATCCTGTACCTTGGAGATCCAGTCCACGGAGTCAGGGGACACAGCACTGTATTTCTGTGCCAGCAGCAAAGC,Confirmed
TRBV22-1,TRBV22-1*01,GATGCTGACATCTATCAGATGCCATTCCAGCTCACTGGGGCTGGATGGGATGTGACTCTGGAGTGGAAACGGAATTTGAGACACAATGACATGTACTGCTACTGGTACTGGCAGGACCCAAAGCAAAATCTGAGACTGATCTATTACTCAAGGGTTGAAAAGGATATTCAGAGAGGAGATCTAACTGAAGGCTACGTGTCTGCCAAGAGGAGAAGGGGCTATTTCTTCTCAGGGTGAAGTTGGCCCACACCAGCCAAACAGCTTTGTACTTCTGTCCTGGGAGCGCAC,Default
TRBV23-1,TRBV23-1*01,CATGCCAAAGTCACACAGACTCCAGGACATTTGGTCAAAGGAAAAGGACAGAAAACAAAGATGGATTGTACCCCCGAAAAAGGACATACTTTTGTTTATTGGTATCAACAGAATCAGAATAAAGAGTTTATGCTTTTGATTTCCTTTCAGAATGAACAAGTTCTTCAAGAAACGGAGATGCACAAGAAGCGATTCTCATCTCAATGCCCCAAGAACGCACCCTGCAGCCTGGCAATCCTGTCCTCAGAACCGGGAGACACGGCACTGTATCTCTGCGCCAGCAGTCAATC,Confirmed
TRBV24-1,TRBV24-1*01,GATGCTGATGTTACCCAGACCCCAAGGAATAGGATCACAAAGACAGGAAAGAGGATTATGCTGGAATGTTCTCAGACTAAGGGTCATGATAGAATGTACTGGTATCGACAAGACCCAGGACTGGGCCTACGGTTGATCTATTACTCCTTTGATGTCAAAGATATAAACAAAGGAGAGATCTCTGATGGATACAGTGTCTCTCGACAGGCACAGGCTAAATTCTCCCTGTCCCTAGAGTCTGCCATCCCCAACCAGACAGCTCTTTACTTCTGTGCCACCAGTGATTTG,Confirmed
TRBV25-1,TRBV25-1*01,GAAGCTGACATCTACCAGACCCCAAGATACCTTGTTATAGGGACAGGAAAGAAGATCACTCTGGAATGTTCTCAAACCATGGGCCATGACAAAATGTACTGGTATCAACAAGATCCAGGAATGGAACTACACCTCATCCACTATTCCTATGGAGTTAATTCCACAGAGAAGGGAGATCTTTCCTCTGAGTCAACAGTCTCCAGAATAAGGACGGAGCATTTTCCCCTGACCCTGGAGTCTGCCAGGCCCTCACATACCTCTCAGTACCTCTGTGCCAGCAGTGAATA,Confirmed
TRBV26,TRBV26*01,GATGCTGTAGTTACACAATTCCCAAGACACAGAATCATTGGGACAGGAAAGGAATTCATTCTACAGTGTTCCCAGAATATGAATCATGTTACAATGTACTGGTATCGACAGGACCCAGGACTTGGACTGAAGCTGGTCTATTATTCACCTGGCACTGGGAGCACTGAAAAAGGAGATATCTCTGAGGGGTATCATGTTTCTTGAAATACTATAGCATCTTTTCCCCTGACCCTGAAGTCTGCCAGCACCAACCAGACATCTGTGTATCTCTATGCCAGCAGTTCATC,Confirmed
TRBV27,TRBV27*01,GAAGCCCAAGTGACCCAGAACCCAAGATACCTCATCACAGTGACTGGAAAGAAGTTAACAGTGACTTGTTCTCAGAATATGAACCATGAGTATATGTCCTGGTATCGACAAGACCCAGGGCTGGGCTTAAGGCAGATCTACTATTCAATGAATGTTGAGGTGACTGATAAGGGAGATGTTCCTGAAGGGTACAAAGTCTCTCGAAAAGAGAAGAGGAATTTCCCCCTGATCCTGGAGTCGCCCAGCCCCAACCAGACCTCTCTGTACTTCTGTGCCAGCAGTTTATC,Confirmed
TRBV28,TRBV28*01,GATGTGAAAGTAACCCAGAGCTCGAGATATCTAGTCAAAAGGACGGGAGAGAAAGTTTTTCTGGAATGTGTCCAGGATATGGACCATGAAAATATGTTCTGGTATCGACAAGACCCAGGTCTGGGGCTACGGCTGATCTATTTCTCATATGATGTTAAAATGAAAGAAAAAGGAGATATTCCTGAGGGGTACAGTGTCTCTAGAGAGAAGAAGGAGCGCTTCTCCCTGATTCTGGAGTCCGCCAGCACCAACCAGACATCTATGTACCTCTGTGCCAGCAGTTTATG,Confirmed
TRBV29-1,TRBV29-1*01,AGTGCTGTCATCTCTCAAAAGCCAAGCAGGGATATCTGTCAACGTGGAACCTCCCTGACGATCCAGTGTCAAGTCGATAGCCAAGTCACCATGATGTTCTGGTACCGTCAGCAACCTGGACAGAGCCTGACACTGATCGCAACTGCAAATCAGGGCTCTGAGGCCACATATGAGAGTGGATTTGTCATTGACAAGTTTCCCATCAGCCGCCCAAACCTAACATTCTCAACTCTGACTGTGAGCAACATGAGCCCTGAAGACAGCAGCATATATCTCTGCAGCGTTGAAGA,Confirmed
TRBV3-1,TRBV3-1*01,GACACAGCTGTTTCCCAGACTCCAAAATACCTGGTCACACAGATGGGAAACGACAAGTCCATTAAATGTGAACAAAATCTGGGCCATGATACTATGTATTGGTATAAACAGGACTCTAAGAAATTTCTGAAGATAATGTTTAGCTACAATAATAAGGAGCTCATTATAAATGAAACAGTTCCAAATCGCTTCTCACCTAAATCTCCAGACAAAGCTCACTTAAATCTTCACATCAATTCCCTGGAGCTTGGTGACTCTGCTGTGTATTTCTGTGCCAGCAGCCAAGA,Confirmed
TRBV3-2,TRBV3-2*01,GACACAGCCGTTTCCCAGACTCCAAAATACCTGGTCACACAGATGGGAAAAAAGGAGTCTCTTAAATGAGAACAAAATCTGGGCCATAATGCTATGTATTGGTATAAACAGGACTCTAAGAAATTTCTGAAGACAATGTTTATCTACAGTAACAAGGAGCCAATTTTAAATGAAACAGTTCCAAATCGCTTCTCACCTGACTCTCCAGACAAAGCTCATTTAAATCTTCACATCAATTCCCTGGAGCTTGGTGACTCTGCTGTGTATTTCTGTGCCAGCAGCCAAGA,Confirmed
TRBV30,TRBV30*01,TCTCAGACTATTCATCAATGGCCAGCGACCCTGGTGCAGCCTGTGGGCAGCCCGCTCTCTCTGGAGTGCACTGTGGAGGGAACATCAAACCCCAACCTATACTGGTACCGACAGGCTGCAGGCAGGGGCCTCCAGCTGCTCTTCTACTCCGTTGGTATTGGCCAGATCAGCTCTGAGGTGCCCCAGAATCTCTCAGCCTCCAGACCCCAGGACCGGCAGTTCATCCTGAGTTCTAAGAAGCTCCTTCTCAGTGACTCTGGCTTCTATCTCTGTGCCTGGAGTGT,Confirmed
TRBV4-1,TRBV4-1*01,GACACTGAAGTTACCCAGACACCAAAACACCTGGTCATGGGAATGACAAATAAGAAGTCTTTGAAATGTGAACAACATATGGGGCACAGGGCTATGTATTGGTACAAGCAGAAAGCTAAGAAGCCACCGGAGCTCATGTTTGTCTACAGCTATGAGAAACTCTCTATAAATGAAAGTGTGCCAAGTCGCTTCTCACCTGAATGCCCCAACAGCTCTCTCTTAAACCTTCACCTACACGCCCTGCAGCCAGAAGACTCAGCCCTGTATCTCTGCGCCAGCAGCCAAGA,Confirmed
TRBV4-2,TRBV4-2*01,GAAACGGGAGTTACGCAGACACCAAGACACCTGGTCATGGGAATGACAAATAAGAAGTCTTTGAAATGTGAACAACATCTGGGGCATAACGCTATGTATTGGTACAAGCAAAGTGCTAAGAAGCCACTGGAGCTCATGTTTGTCTACAACTTTAAAGAACAGACTGAAAACAACAGTGTGCCAAGTCGCTTCTCACCTGAATGCCCCAACAGCTCTCACTTATTCCTTCACCTACACACCCTGCAGCCAGAAGACTCGGCCCTGTATCTCTGTGCCAGCAGCCAAGA,Confirmed
TRBV4-3,TRBV4-3*01,GAAACGGGAGTTACGCAGACACCAAGACACCTGGTCATGGGAATGACAAATAAGAAGTCTTTGAAATGTGAACAACATCTGGGTCATAACGCTATGTATTGGTACAAGCAAAGTGCTAAGAAGCCACTGGAGCTCATGTTTGTCTACAGTCTTGAAGAACGGGTTGAAAACAACAGTGTGCCAAGTCGCTTCTCACCTGAATGCCCCAACAGCTCTCACTTATTCCTTCACCTACACACCCTGCAGCCAGAAGACTCGGCCCTGTATCTCTGCGCCAGCAGCCAAGA,Confirmed
TRBV5-1,TRBV5-1*01,AAGGCTGGAGTCACTCAAACTCCAAGATATCTGATCAAAACGAGAGGACAGCAAGTGACACTGAGCTGCTCCCCTATCTCTGGGCATAGGAGTGTATCCTGGTACCAACAGACCCCAGGACAGGGCCTTCAGTTCCTCTTTGAATACTTCAGTGAGACACAGAGAAACAAAGGAAACTTCCCTGGTCGATTCTCAGGGCGCCAGTTCTCTAACTCTCGCTCTGAGATGAATGTGAGCACCTTGGAGCTGGGGGACTCGGCCCTTTATCTTTGCGCCAGCAGCTTGG,Confirmed
TRBV5-2,TRBV5-2*01,GAGGCTGGAATCACCCAAGCTCCAAGACACCTGATCAAAACAAGAGACCAGCAAGTGACACTGAGATGCTCCCCTGCCTCTGGGCATAACTGTGTGTCCTGGTACCTACGAACTCCAAGTCAGCCCCTCTAGTTATTGTTACAATATTGTAATAGGTTACAAAGAGCAAAAGGAAACTTGCCTAATTGATTCTCAGCTCACCACGTCCATAACTATTACTGAGTCAAACACGGAGCTAGGGGACTCAGCCCTGTATCTCTGTGCCAGCAACTTGATG,Default
TRBV5-3,TRBV5-3*01,GAGGCTGGAGTCACCCAAAGTCCCACACACCTGATCAAAACGAGAGGACAGCAAGTGACTCTGAGATGCTCTCCTATCTCTGGGCACAGCAGTGTGTCCTGGTACCAACAGGCCCCGGGTCAGGGGCCCCAGTTTATCTTTGAATATGCTAATGAGTTAAGGAGATCAGAAGGAAACTTCCCTAATCGATTCTCAGGGCGCCAGTTCCATGACTGTTGCTCTGAGATGAATGTGAGTGCCTTGGAGCTGGGGGACTCGGCCCTGTATCTCTGTGCCAGAAGCTTGG,Confirmed
TRBV5-4,TRBV5-4*01,GAGACTGGAGTCACCCAAAGTCCCACACACCTGATCAAAACGAGAGGACAGCAAGTGACTCTGAGATGCTCTTCTCAGTCTGGGCACAACACTGTGTCCTGGTACCAACAGGCCCTGGGTCAGGGGCCCCAGTTTATCTTTCAGTATTATAGGGAGGAAGAGAATGGCAGAGGAAACTTCCCTCCTAGATTCTCAGGTCTCCAGTTCCCTAATTATAGCTCTGAGCTGAATGTGAACGCCTTGGAGCTGGACGACTCGGCCCTGTATCTCTGTGCCAGCAGCTTGG,Confirmed
TRBV5-5,TRBV5-5*01,GACGCTGGAGTCACCCAAAGTCCCACACACCTGATCAAAACGAGAGGACAGCAAGTGACTCTGAGATGCTCTCCTATCTCTGGGCACAAGAGTGTGTCCTGGTACCAACAGGTCCTGGGTCAGGGGCCCCAGTTTATCTTTCAGTATTATGAGAAAGAAGAGAGAGGAAGAGGAAACTTCCCTGATCGATTCTCAGCTCGCCAGTTCCCTAACTATAGCTCTGAGCTGAATGTGAACGCCTTGTTGCTGGGGGACTCGGCCCTGTATCTCTGTGCCAGCAGCTTGG,Confirmed
TRBV5-6,TRBV5-6*01,GACGCTGGAGTCACCCAAAGTCCCACACACCTGATCAAAACGAGAGGACAGCAAGTGACTCTGAGATGCTCTCCTAAGTCTGGGCATGACACTGTGTCCTGGTACCAACAGGCCCTGGGTCAGGGGCCCCAGTTTATCTTTCAGTATTATGAGGAGGAAGAGAGACAGAGAGGCAACTTCCCTGATCGATTCTCAGGTCACCAGTTCCCTAACTATAGCTCTGAGCTGAATGTGAACGCCTTGTTGCTGGGGGACTCGGCCCTCTATCTCTGTGCCAGCAGCTTGG,Confirmed
TRBV5-7,TRBV5-7*01,GACGCTGGAGTCACCCAAAGTCCCACACACCTGATCAAAACGAGAGGACAGCACGTGACTCTGAGATGCTCTCCTATCTCTGGGCACACCAGTGTGTCCTCGTACCAACAGGCCCTGGGTCAGGGGCCCCAGTTTATCTTTCAGTATTATGAGAAAGAAGAGAGAGGAAGAGGAAACTTCCCTGATCAATTCTCAGGTCACCAGTTCCCTAACTATAGCTCTGAGCTGAATGTGAACGCCTTGTTGCTAGGGGACTCGGCCCTCTATCTCTGTGCCAGCAGCTTGG,Confirmed
TRBV5-8,TRBV5-8*01,GAGGCTGGAGTCACACAAAGTCCCACACACCTGATCAAAACGAGAGGACAGCAAGCGACTCTGAGATGCTCTCCTATCTCTGGGCACACCAGTGTGTACTGGTACCAACAGGCCCTGGGTCTGGGCCTCCAGTTCCTCCTTTGGTATGACGAGGGTGAAGAGAGAAACAGAGGAAACTTCCCTCCTAGATTTTCAGGTCGCCAGTTCCCTAATTATAGCTCTGAGCTGAATGTGAACGCCTTGGAGCTGGAGGACTCGGCCCTGTATCTCTGTGCCAGCAGCTTGG,Confirmed
TRBV6-1,TRBV6-1*01,AATGCTGGTGTCACTCAGACCCCAAAATTCCAGGTCCTGAAGACAGGACAGAGCATGACACTGCAGTGTGCCCAGGATATGAACCATAACTCCATGTACTGGTATCGACAAGACCCAGGCATGGGACTGAGGCTGATTTATTACTCAGCTTCTGAGGGTACCACTGACAAAGGAGAAGTCCCCAATGGCTACAATGTCTCCAGATTAAACAAACGGGAGTTCTCGCTCAGGCTGGAGTCGGCTGCTCCCTCCCAGACATCTGTGTACTTCTGTGCCAGCAGTGAAGC,Confirmed
TRBV6-2,TRBV6-2*01,AATGCTGGTGTCACTCAGACCCCAAAATTCCGGGTCCTGAAGACAGGACAGAGCATGACACTGCTGTGTGCCCAGGATATGAACCATGAATACATGTACTGGTATCGACAAGACCCAGGCATGGGGCTGAGGCTGATTCATTACTCAGTTGGTGAGGGTACAACTGCCAAAGGAGAGGTCCCTGATGGCTACAATGTCTCCAGATTAAAAAAACAGAATTTCCTGCTGGGGTTGGAGTCGGCTGCTCCCTCCCAAACATCTGTGTACTTCTGTGCCAGCAGTTACTC,Confirmed
TRBV6-3,TRBV6-3*01,AATGCTGGTGTCACTCAGACCCCAAAATTCCGGGTCCTGAAGACAGGACAGAGCATGACACTGCTGTGTGCCCAGGATATGAACCATGAATACATGTACTGGTATCGACAAGACCCAGGCATGGGGCTGAGGCTGATTCATTACTCAGTTGGTGAGGGTACAACTGCCAAAGGAGAGGTCCCTGATGGCTACAATGTCTCCAGATTAAAAAAACAGAATTTCCTGCTGGGGTTGGAGTCGGCTGCTCCCTCCCAAACATCTGTGTACTTCTGTGCCAGCAGTTACTC,Confirmed
TRBV6-4,TRBV6-4*01,ATTGCTGGGATCACCCAGGCACCAACATCTCAGATCCTGGCAGCAGGACGGCGCATGACACTGAGATGTACCCAGGATATGAGACATAATGCCATGTACTGGTATAGACAAGATCTAGGACTGGGGCTAAGGCTCATCCATTATTCAAATACTGCAGGTACCACTGGCAAAGGAGAAGTCCCTGATGGTTATAGTGTCTCCAGAGCAAACACAGATGATTTCCCCCTCACGTTGGCGTCTGCTGTACCCTCTCAGACATCTGTGTACTTCTGTGCCAGCAGTGACTC,Confirmed
TRBV6-5,TRBV6-5*01,AATGCTGGTGTCACTCAGACCCCAAAATTCCAGGTCCTGAAGACAGGACAGAGCATGACACTGCAGTGTGCCCAGGATATGAACCATGAATACATGTCCTGGTATCGACAAGACCCAGGCATGGGGCTGAGGCTGATTCATTACTCAGTTGGTGCTGGTATCACTGACCAAGGAGAAGTCCCCAATGGCTACAATGTCTCCAGATCAACCACAGAGGATTTCCCGCTCAGGCTGCTGTCGGCTGCTCCCTCCCAGACATCTGTGTACTTCTGTGCCAGCAGTTACTC,Confirmed
TRBV6-6,TRBV6-6*01,AATGCTGGTGTCACTCAGACCCCAAAATTCCGCATCCTGAAGATAGGACAGAGCATGACACTGCAGTGTACCCAGGATATGAACCATAACTACATGTACTGGTATCGACAAGACCCAGGCATGGGGCTGAAGCTGATTTATTATTCAGTTGGTGCTGGTATCACTGATAAAGGAGAAGTCCCGAATGGCTACAACGTCTCCAGATCAACCACAGAGGATTTCCCGCTCAGGCTGGAGTTGGCTGCTCCCTCCCAGACATCTGTGTACTTCTGTGCCAGCAGTTACTC,Confirmed
TRBV6-7,TRBV6-7*01,AATGCTGGTGTCACTCAGACCCCAAAATTCCACGTCCTGAAGACAGGACAGAGCATGACTCTGCTGTGTGCCCAGGATATGAACCATGAATACATGTATCGGTATCGACAAGACCCAGGCAAGGGGCTGAGGCTGATTTACTACTCAGTTGCTGCTGCTCTCACTGACAAAGGAGAAGTTCCCAATGGCTACAATGTCTCCAGATCAAACACAGAGGATTTCCCCCTCAAGCTGGAGTCAGCTGCTCCCTCTCAGACTTCTGTTTACTTCTGTGCCAGCAGTTACTC,Confirmed
TRBV6-8,TRBV6-8*01,AATGCTGGTGTCACTCAGACCCCAAAATTCCACATCCTGAAGACAGGACAGAGCATGACACTGCAGTGTGCCCAGGATATGAACCATGGATACATGTCCTGGTATCGACAAGACCCAGGCATGGGGCTGAGACTGATTTACTACTCAGCTGCTGCTGGTACTACTGACAAAGAAGTCCCCAATGGCTACAATGTCTCTAGATTAAACACAGAGGATTTCCCACTCAGGCTGGTGTCGGCTGCTCCCTCCCAGACATCTGTGTACTTGTGTGCCAGCAGTTACTC,Confirmed
TRBV6-9,TRBV6-9*01,AATGCTGGTGTCACTCAGACCCCAAAATTCCACATCCTGAAGACAGGACAGAGCATGACACTGCAGTGTGCCCAGGATATGAACCATGGATACTTGTCCTGGTATCGACAAGACCCAGGCATGGGGCTGAGGCGCATTCATTACTCAGTTGCTGCTGGTATCACTGACAAAGGAGAAGTCCCCGATGGCTACAATGTATCCAGATCAAACACAGAGGATTTCCCGCTCAGGCTGGAGTCAGCTGCTCCCTCCCAGACATCTGTATACTTCTGTGCCAGCAGTTATTC,Confirmed
TRBV7-1,TRBV7-1*01,GGTGCTGGAGTCTCCCAGTCCCTGAGACACAAGGTAGCAAAGAAGGGAAAGGATGTAGCTCTCAGATATGATCCAATTTCAGGTCATAATGCCCTTTATTGGTACCGACAGAGCCTGGGGCAGGGCCTGGAGTTTCCAATTTACTTCCAAGGCAAGGATGCAGCAGACAAATCGGGGCTTCCCCGTGATCGGTTCTCTGCACAGAGGTCTGAGGGATCCATCTCCACTCTGAAGTTCCAGCGCACACAGCAGGGGGACTTGGCTGTGTATCTCTGTGCCAGCAGCTCAGC,Confirmed
TRBV7-2,TRBV7-2*01,GGAGCTGGAGTCTCCCAGTCCCCCAGTAACAAGGTCACAGAGAAGGGAAAGGATGTAGAGCTCAGGTGTGATCCAATTTCAGGTCATACTGCCCTTTACTGGTACCGACAGAGCCTGGGGCAGGGCCTGGAGTTTTTAATTTACTTCCAAGGCAACAGTGCACCAGACAAATCAGGGCTGCCCAGTGATCGCTTCTCTGCAGAGAGGACTGGGGGATCCGTCTCCACTCTGACGATCCAGCGCACACAGCAGGAGGACTCGGCCGTGTATCTCTGTGCCAGCAGCTTAGC,Confirmed
TRBV7-3,TRBV7-3*01,GGTGCTGGAGTCTCCCAGACCCCCAGTAACAAGGTCACAGAGAAGGGAAAATATGTAGAGCTCAGGTGTGATCCAATTTCAGGTCATACTGCCCTTTACTGGTACCGACAAAGCCTGGGGCAGGGCCCAGAGTTTCTAATTTACTTCCAAGGCACGGGTGCGGCAGATGACTCAGGGCTGCCCAACGATCGGTTCTTTGCAGTCAGGCCTGAGGGATCCGTCTCTACTCTGAAGATCCAGCGCACAGAGCGGGGGGACTCAGCCGTGTATCTCTGTGCCAGCAGCTTAAC,Confirmed
TRBV7-4,TRBV7-4*01,GGTGCTGGAGTCTCCCAGTCCCCAAGGTACAAAGTCGCAAAGAGGGGACGGGATGTAGCTCTCAGGTGTGATTCAATTTCGGGTCATGTAACCCTTTATTGGTACCGACAGACCCTGGGGCAGGGCTCAGAGGTTCTGACTTACTCCCAGAGTGATGCTCAACGAGACAAATCAGGGCGGCCCAGTGGTCGGTTCTCTGCAGAGAGGCCTGAGAGATCCGTCTCCACTCTGAAGATCCAGCGCACAGAGCAGGGGGACTCAGCTGTGTATCTCTGTGCCAGCAGCTTAGC,Confirmed
TRBV7-5,TRBV7-5*01,GGTGCTGGAGTCTCCCAGTCCCCAAGGTACGAAGTCACACAGAGGGGACAGGATGTAGCTCCCAGGTGTGATCCAATTTCGGGTCAGGTAACCCTTTATTGGTACCGACAGACCCTGGGGCAGGGCCAAGAGTTTCTGACTTCCTTCCAGGATGAAACTCAACAAGATAAATCAGGGCTGCTCAGTGATCAATTCTCCACAGAGAGGTCTGAGGATCTTTCTCCACCTGAAGATCCAGCGCACAGAGCAAGGGCGACTCGGCTGTGTATCTCTGTGCCAGAAGCTTAG,Default
TRBV7-6,TRBV7-6*01,GGTGCTGGAGTCTCCCAGTCTCCCAGGTACAAAGTCACAAAGAGGGGACAGGATGTAGCTCTCAGGTGTGATCCAATTTCGGGTCATGTATCCCTTTATTGGTACCGACAGGCCCTGGGGCAGGGCCCAGAGTTTCTGACTTACTTCAATTATGAAGCCCAACAAGACAAATCAGGGCTGCCCAATGATCGGTTCTCTGCAGAGAGGCCTGAGGGATCCATCTCCACTCTGACGATCCAGCGCACAGAGCAGCGGGACTCGGCCATGTATCGCTGTGCCAGCAGCTTAGC,Confirmed
TRBV7-7,TRBV7-7*01,GGTGCTGGAGTCTCCCAGTCTCCCAGGTACAAAGTCACAAAGAGGGGACAGGATGTAACTCTCAGGTGTGATCCAATTTCGAGTCATGCAACCCTTTATTGGTATCAACAGGCCCTGGGGCAGGGCCCAGAGTTTCTGACTTACTTCAATTATGAAGCTCAACCAGACAAATCAGGGCTGCCCAGTGATCGGTTCTCTGCAGAGAGGCCTGAGGGATCCATCTCCACTCTGACGATTCAGCGCACAGAGCAGCGGGACTCAGCCATGTATCGCTGTGCCAGCAGCTTAGC,Confirmed
TRBV7-8,TRBV7-8*01,GGTGCTGGAGTCTCCCAGTCCCCTAGGTACAAAGTCGCAAAGAGAGGACAGGATGTAGCTCTCAGGTGTGATCCAATTTCGGGTCATGTATCCCTTTTTTGGTACCAACAGGCCCTGGGGCAGGGGCCAGAGTTTCTGACTTATTTCCAGAATGAAGCTCAACTAGACAAATCGGGGCTGCCCAGTGATCGCTTCTTTGCAGAAAGGCCTGAGGGATCCGTCTCCACTCTGAAGATCCAGCGCACACAGCAGGAGGACTCCGCCGTGTATCTCTGTGCCAGCAGCTTAGC,Confirmed
TRBV7-9,TRBV7-9*01,GATACTGGAGTCTCCCAGAACCCCAGACACAAGATCACAAAGAGGGGACAGAATGTAACTTTCAGGTGTGATCCAATTTCTGAACACAACCGCCTTTATTGGTACCGACAGACCCTGGGGCAGGGCCCAGAGTTTCTGACTTACTTCCAGAATGAAGCTCAACTAGAAAAATCAAGGCTGCTCAGTGATCGGTTCTCTGCAGAGAGGCCTAAGGGATCTTTCTCCACCTTGGAGATCCAGCGCACAGAGCAGGGGGACTCGGCCATGTATCTCTGTGCCAGCAGCTTAGC,Confirmed
TRBV8-2,TRBV8-2*01,GATGCTGGGATCACCCAGATGCCAAGATATCACATTGTACAGAAGAAAGAGATGATCCTGGAATGTGCTCAGGTTAGGAACAGTGTTCTGATATCGACAGGACCCAAGACGGGGGCTGAAGCTTATCCACTATTCAGGCAGTGGTCACAGCAGGACCAAAGTTGATGTCACAGAGGGGTACTGTGTTTCTTGAAACAAGCTTGAGCATTTCCCCAATCCTGGCATCCACCAGCACCAGCCAGACCTATCTGTACCACTGTGGCAGCACATCCG,Default
TRBV9,TRBV9*01,GATTCTGGAGTCACACAAACCCCAAAGCACCTGATCACAGCAACTGGACAGCGAGTGACGCTGAGATGCTCCCCTAGGTCTGGAGACCTCTCTGTGTACTGGTACCAACAGAGCCTGGACCAGGGCCTCCAGTTCCTCATTCAGTATTATAATGGAGAAGAGAGAGCAAAAGGAAACATTCTTGAACGATTCTCCGCACAACAGTTCCCTGACTTGCACTCTGAACTAAACCTGAGCTCTCTGGAGCTGGGGGACTCAGCTTTGTATTTCTGTGCCAGCAGCGTAG,Confirmed
TRBJ1-1,TRBJ1-1*01,TGAACACTGAAGCTTTCTTTGGACAAGGCACCAGACTCACAGTTGTAG,Confirmed
TRBJ1-2,TRBJ1-2*01,CTAACTATGGCTACACCTTCGGTTCGGGGACCAGGTTAACCGTTGTAG,Confirmed
TRBJ1-3,TRBJ1-3*01,CTCTGGAAACACCATATATTTTGGAGAGGGAAGTTGGCTCACTGTTGTAG,Confirmed
TRBJ1-4,TRBJ1-4*01,CAACTAATGAAAAACTGTTTTTTGGCAGTGGAACCCAGCTCTCTGTCTTGG,Confirmed
TRBJ1-5,TRBJ1-5*01,TAGCAATCAGCCCCAGCATTTTGGTGATGGGACTCGACTCTCCATCCTAG,Confirmed
TRBJ1-6,TRBJ1-6*02,CTCCTATAATTCACCCCTCCACTTTGGGAACGGGACCAGGCTCACTGTGACAG,Confirmed
TRBJ2-1,TRBJ2-1*01,CTCCTACAATGAGCAGTTCTTCGGGCCAGGGACACGGCTCACCGTGCTAG,Confirmed
TRBJ2-2,TRBJ2-2*01,CGAACACCGGGGAGCTGTTTTTTGGAGAAGGCTCTAGGCTGACCGTACTGG,Confirmed
TRBJ2-2P,TRBJ2-2P*01,CTGAGAGGCGCTGCTGGGCGTCTGGGCGGAGGACTCCTGGTTCTGG,Confirmed
TRBJ2-3,TRBJ2-3*01,AGCACAGATACGCAGTATTTTGGCCCAGGCACCCGGCTGACAGTGCTCG,Confirmed
TRBJ2-4,TRBJ2-4*01,AGCCAAAAACATTCAGTACTTCGGCGCCGGGACCCGGCTCTCAGTGCTGG,Confirmed
TRBJ2-5,TRBJ2-5*01,ACCAAGAGACCCAGTACTTCGGGCCAGGCACGCGGCTCCTGGTGCTCG,Confirmed
TRBJ2-6,TRBJ2-6*01,CTCTGGGGCCAACGTCCTGACTTTCGGGGCCGGCAGCAGGCTGACCGTGCTGG,Confirmed
TRBJ2-7,TRBJ2-7*01,CTCCTACGAGCAGTACTTCGGGCCGGGCACCAGGCTCACGGTCACAG,Confirmed
