allele	functionality	sequence
TRBJ1-1*01	F	TGAACACTGAAGCTTTCTTTGGACAAGGCACCAGACTCACAGTTGTAG
TRBJ1-2*01	F	CTAACTATGGCTACACCTTCGGTTCGGGGACCAGGTTAACCGTTGTAG
TRBJ1-3*01	F	CTCTGGAAACACCATATATTTTGGAGAGGGAAGTTGGCTCACTGTTGTAG
TRBJ1-4*01	F	CAACTAATGAAAAACTGTTTTTTGGCAGTGGAACCCAGCTCTCTGTCTTGG
TRBJ1-5*01	F	TAGCAATCAGCCCCAGCATTTTGGTGATGGGACTCGACTCTCCATCCTAG
TRBJ1-6*01	F	CTCCTATAATTCACCCCTCCACTTTGGGAATGGGACCAGGCTCACTGTGACAG
TRBJ1-6*02	F	CTCCTATAATTCACCCCTCCACTTTGGGAACGGGACCAGGCTCACTGTGACAG
TRBJ2-1*01	F	CTCCTACAATGAGCAGTTCTTCGGGCCAGGGACACGGCTCACCGTGCTAG
TRBJ2-2*01	F	CGAACACCGGGGAGCTGTTTTTTGGAGAAGGCTCTAGGCTGACCGTACTGG
TRBJ2-2P*01	ORF	CTGAGAGGCGCTGCTGGGCGTCTGGGCGGAGGACTCCTGGTTCTGG
TRBJ2-3*01	F	AGCACAGATACGCAGTATTTTGGCCCAGGCACCCGGCTGACAGTGCTCG
TRBJ2-4*01	F	AGCCAAAAACATTCAGTACTTCGGCGCCGGGACCCGGCTCTCAGTGCTGG
TRBJ2-5*01	F	ACCAAGAGACCCAGTACTTCGGGCCAGGCACGCGGCTCCTGGTGCTCG
TRBJ2-6*01	F	CTCTGGGGCCAACGTCCTGACTTTCGGGGCCGGCAGCAGGCTGACCGTGCTGG
TRBJ2-7*01	F	CTCCTACGAGCAGTACTTCGGGCCGGGCACCAGGCTCACGGTCACAG
TRBJ2-7*02	ORF	CTCCTACGAGCAGTACGTCGGGCCGGGCACCAGGCTCACGGTCACAG
