sample_id,population_id,filename
0,AFR,AFR_seed0.V_sequences.csv
1,AFR,AFR_seed1.V_sequences.csv
2,AFR,AFR_seed2.V_sequences.csv
3,AFR,AFR_seed3.V_sequences.csv
4,AFR,AFR_seed4.V_sequences.csv
5,AFR,AFR_seed5.V_sequences.csv
6,AFR,AFR_seed6.V_sequences.csv
7,AFR,AFR_seed7.V_sequences.csv
8,AFR,AFR_seed8.V_sequences.csv
9,AFR,AFR_seed9.V_sequences.csv
10,AFR,AFR_seed10.V_sequences.csv
11,AFR,AFR_seed11.V_sequences.csv
12,AFR,AFR_seed12.V_sequences.csv
13,AFR,AFR_seed13.V_sequences.csv
14,AFR,AFR_seed14.V_sequences.csv
15,AFR,AFR_seed15.V_sequences.csv
16,AFR,AFR_seed16.V_sequences.csv
17,AFR,AFR_seed17.V_sequences.csv
18,AFR,AFR_seed18.V_sequences.csv
19,AFR,AFR_seed19.V_sequences.csv
20,AFR,AFR_seed20.V_sequences.csv
21,AFR,AFR_seed21.V_sequences.csv
22,AFR,AFR_seed22.V_sequences.csv
23,AFR,AFR_seed23.V_sequences.csv
24,AFR,AFR_seed24.V_sequences.csv
25,AFR,AFR_seed25.V_sequences.csv
26,AFR,AFR_seed26.V_sequences.csv
27,AFR,AFR_seed27.V_sequences.csv
28,AFR,AFR_seed28.V_sequences.csv
29,AFR,AFR_seed29.V_sequences.csv
30,AFR,AFR_seed30.V_sequences.csv
31,AFR,AFR_seed31.V_sequences.csv
32,AFR,AFR_seed32.V_sequences.csv
33,AFR,AFR_seed33.V_sequences.csv
34,AFR,AFR_seed34.V_sequences.csv
35,AFR,AFR_seed35.V_sequences.csv
36,AFR,AFR_seed36.V_sequences.csv
37,AFR,AFR_seed37.V_sequences.csv
38,AFR,AFR_seed38.V_sequences.csv
39,AFR,AFR_seed39.V_sequences.csv
40,AFR,AFR_seed40.V_sequences.csv
41,AFR,AFR_seed41.V_sequences.csv
42,AFR,AFR_seed42.V_sequences.csv
43,AFR,AFR_seed43.V_sequences.csv
44,AFR,AFR_seed44.V_sequences.csv
45,AFR,AFR_seed45.V_sequences.csv
46,AFR,AFR_seed46.V_sequences.csv
47,AFR,AFR_seed47.V_sequences.csv
48,AFR,AFR_seed48.V_sequences.csv
49,AFR,AFR_seed49.V_sequences.csv
50,AFR,AFR_seed50.V_sequences.csv
51,AFR,AFR_seed51.V_sequences.csv
52,AFR,AFR_seed52.V_sequences.csv
53,AFR,AFR_seed53.V_sequences.csv
54,AFR,AFR_seed54.V_sequences.csv
55,AFR,AFR_seed55.V_sequences.csv
56,AFR,AFR_seed56.V_sequences.csv
57,AFR,AFR_seed57.V_sequences.csv
58,AFR,AFR_seed58.V_sequences.csv
59,AFR,AFR_seed59.V_sequences.csv
60,AFR,AFR_seed60.V_sequences.csv
61,AFR,AFR_seed61.V_sequences.csv
62,AFR,AFR_seed62.V_sequences.csv
63,AFR,AFR_seed63.V_sequences.csv
64,AFR,AFR_seed64.V_sequences.csv
65,AFR,AFR_seed65.V_sequences.csv
66,AFR,AFR_seed66.V_sequences.csv
67,AFR,AFR_seed67.V_sequences.csv
68,AFR,AFR_seed68.V_sequences.csv
69,AFR,AFR_seed69.V_sequences.csv
70,AFR,AFR_seed70.V_sequences.csv
71,AFR,AFR_seed71.V_sequences.csv
72,AFR,AFR_seed72.V_sequences.csv
73,AFR,AFR_seed73.V_sequences.csv
74,AFR,AFR_seed74.V_sequences.csv
75,AFR,AFR_seed75.V_sequences.csv
76,AFR,AFR_seed76.V_sequences.csv
77,AFR,AFR_seed77.V_sequences.csv
78,AFR,AFR_seed78.V_sequences.csv
79,AFR,AFR_seed79.V_sequences.csv
80,AFR,AFR_seed80.V_sequences.csv
81,AFR,AFR_seed81.V_sequences.csv
82,AFR,AFR_seed82.V_sequences.csv
83,AFR,AFR_seed83.V_sequences.csv
84,AFR,AFR_seed84.V_sequences.csv
85,AFR,AFR_seed85.V_sequences.csv
86,AFR,AFR_seed86.V_sequences.csv
87,AFR,AFR_seed87.V_sequences.csv
88,AFR,AFR_seed88.V_sequences.csv
89,AFR,AFR_seed89.V_sequences.csv
90,AFR,AFR_seed90.V_sequences.csv
91,AFR,AFR_seed91.V_sequences.csv
92,AFR,AFR_seed92.V_sequences.csv
93,AFR,AFR_seed93.V_sequences.csv
94,AFR,AFR_seed94.V_sequences.csv
95,AFR,AFR_seed95.V_sequences.csv
96,AFR,AFR_seed96.V_sequences.csv
97,AFR,AFR_seed97.V_sequences.csv
98,AFR,AFR_seed98.V_sequences.csv
99,AFR,AFR_seed99.V_sequences.csv
100,AFR,AFR_seed0.J_sequences.csv
101,AFR,AFR_seed1.J_sequences.csv
102,AFR,AFR_seed2.J_sequences.csv
103,AFR,AFR_seed3.J_sequences.csv
104,AFR,AFR_seed4.J_sequences.csv
105,AFR,AFR_seed5.J_sequences.csv
106,AFR,AFR_seed6.J_sequences.csv
107,AFR,AFR_seed7.J_sequences.csv
108,AFR,AFR_seed8.J_sequences.csv
109,AFR,AFR_seed9.J_sequences.csv
110,AFR,AFR_seed10.J_sequences.csv
111,AFR,AFR_seed11.J_sequences.csv
112,AFR,AFR_seed12.J_sequences.csv
113,AFR,AFR_seed13.J_sequences.csv
114,AFR,AFR_seed14.J_sequences.csv
115,AFR,AFR_seed15.J_sequences.csv
116,AFR,AFR_seed16.J_sequences.csv
117,AFR,AFR_seed17.J_sequences.csv
118,AFR,AFR_seed18.J_sequences.csv
119,AFR,AFR_seed19.J_sequences.csv
120,AFR,AFR_seed20.J_sequences.csv
121,AFR,AFR_seed21.J_sequences.csv
122,AFR,AFR_seed22.J_sequences.csv
123,AFR,AFR_seed23.J_sequences.csv
124,AFR,AFR_seed24.J_sequences.csv
125,AFR,AFR_seed25.J_sequences.csv
126,AFR,AFR_seed26.J_sequences.csv
127,AFR,AFR_seed27.J_sequences.csv
128,AFR,AFR_seed28.J_sequences.csv
129,AFR,AFR_seed29.J_sequences.csv
130,AFR,AFR_seed30.J_sequences.csv
131,AFR,AFR_seed31.J_sequences.csv
132,AFR,AFR_seed32.J_sequences.csv
133,AFR,AFR_seed33.J_sequences.csv
134,AFR,AFR_seed34.J_sequences.csv
135,AFR,AFR_seed35.J_sequences.csv
136,AFR,AFR_seed36.J_sequences.csv
137,AFR,AFR_seed37.J_sequences.csv
138,AFR,AFR_seed38.J_sequences.csv
139,AFR,AFR_seed39.J_sequences.csv
140,AFR,AFR_seed40.J_sequences.csv
141,AFR,AFR_seed41.J_sequences.csv
142,AFR,AFR_seed42.J_sequences.csv
143,AFR,AFR_seed43.J_sequences.csv
144,AFR,AFR_seed44.J_sequences.csv
145,AFR,AFR_seed45.J_sequences.csv
146,AFR,AFR_seed46.J_sequences.csv
147,AFR,AFR_seed47.J_sequences.csv
148,AFR,AFR_seed48.J_sequences.csv
149,AFR,AFR_seed49.J_sequences.csv
150,AFR,AFR_seed50.J_sequences.csv
151,AFR,AFR_seed51.J_sequences.csv
152,AFR,AFR_seed52.J_sequences.csv
153,AFR,AFR_seed53.J_sequences.csv
154,AFR,AFR_seed54.J_sequences.csv
155,AFR,AFR_seed55.J_sequences.csv
156,AFR,AFR_seed56.J_sequences.csv
157,AFR,AFR_seed57.J_sequences.csv
158,AFR,AFR_seed58.J_sequences.csv
159,AFR,AFR_seed59.J_sequences.csv
160,AFR,AFR_seed60.J_sequences.csv
161,AFR,AFR_seed61.J_sequences.csv
162,AFR,AFR_seed62.J_sequences.csv
163,AFR,AFR_seed63.J_sequences.csv
164,AFR,AFR_seed64.J_sequences.csv
165,AFR,AFR_seed65.J_sequences.csv
166,AFR,AFR_seed66.J_sequences.csv
167,AFR,AFR_seed67.J_sequences.csv
168,AFR,AFR_seed68.J_sequences.csv
169,AFR,AFR_seed69.J_sequences.csv
170,AFR,AFR_seed70.J_sequences.csv
171,AFR,AFR_seed71.J_sequences.csv
172,AFR,AFR_seed72.J_sequences.csv
173,AFR,AFR_seed73.J_sequences.csv
174,AFR,AFR_seed74.J_sequences.csv
175,AFR,AFR_seed75.J_sequences.csv
176,AFR,AFR_seed76.J_sequences.csv
177,AFR,AFR_seed77.J_sequences.csv
178,AFR,AFR_seed78.J_sequences.csv
179,AFR,AFR_seed79.J_sequences.csv
180,AFR,AFR_seed80.J_sequences.csv
181,AFR,AFR_seed81.J_sequences.csv
182,AFR,AFR_seed82.J_sequences.csv
183,AFR,AFR_seed83.J_sequences.csv
184,AFR,AFR_seed84.J_sequences.csv
185,AFR,AFR_seed85.J_sequences.csv
186,AFR,AFR_seed86.J_sequences.csv
187,AFR,AFR_seed87.J_sequences.csv
188,AFR,AFR_seed88.J_sequences.csv
189,AFR,AFR_seed89.J_sequences.csv
190,AFR,AFR_seed90.J_sequences.csv
191,AFR,AFR_seed91.J_sequences.csv
192,AFR,AFR_seed92.J_sequences.csv
193,AFR,AFR_seed93.J_sequences.csv
194,AFR,AFR_seed94.J_sequences.csv
195,AFR,AFR_seed95.J_sequences.csv
196,AFR,AFR_seed96.J_sequences.csv
197,AFR,AFR_seed97.J_sequences.csv
198,AFR,AFR_seed98.J_sequences.csv
199,AFR,AFR_seed99.J_sequences.csv
200,AMR,AMR_seed0.V_sequences.csv
201,AMR,AMR_seed1.V_sequences.csv
202,AMR,AMR_seed2.V_sequences.csv
203,AMR,AMR_seed3.V_sequences.csv
204,AMR,AMR_seed4.V_sequences.csv
205,AMR,AMR_seed5.V_sequences.csv
206,AMR,AMR_seed6.V_sequences.csv
207,AMR,AMR_seed7.V_sequences.csv
208,AMR,AMR_seed8.V_sequences.csv
209,AMR,AMR_seed9.V_sequences.csv
210,AMR,AMR_seed10.V_sequences.csv
211,AMR,AMR_seed11.V_sequences.csv
212,AMR,AMR_seed12.V_sequences.csv
213,AMR,AMR_seed13.V_sequences.csv
214,AMR,AMR_seed14.V_sequences.csv
215,AMR,AMR_seed15.V_sequences.csv
216,AMR,AMR_seed16.V_sequences.csv
217,AMR,AMR_seed17.V_sequences.csv
218,AMR,AMR_seed18.V_sequences.csv
219,AMR,AMR_seed19.V_sequences.csv
220,AMR,AMR_seed20.V_sequences.csv
221,AMR,AMR_seed21.V_sequences.csv
222,AMR,AMR_seed22.V_sequences.csv
223,AMR,AMR_seed23.V_sequences.csv
224,AMR,AMR_seed24.V_sequences.csv
225,AMR,AMR_seed25.V_sequences.csv
226,AMR,AMR_seed26.V_sequences.csv
227,AMR,AMR_seed27.V_sequences.csv
228,AMR,AMR_seed28.V_sequences.csv
229,AMR,AMR_seed29.V_sequences.csv
230,AMR,AMR_seed30.V_sequences.csv
231,AMR,AMR_seed31.V_sequences.csv
232,AMR,AMR_seed32.V_sequences.csv
233,AMR,AMR_seed33.V_sequences.csv
234,AMR,AMR_seed34.V_sequences.csv
235,AMR,AMR_seed35.V_sequences.csv
236,AMR,AMR_seed36.V_sequences.csv
237,AMR,AMR_seed37.V_sequences.csv
238,AMR,AMR_seed38.V_sequences.csv
239,AMR,AMR_seed39.V_sequences.csv
240,AMR,AMR_seed40.V_sequences.csv
241,AMR,AMR_seed41.V_sequences.csv
242,AMR,AMR_seed42.V_sequences.csv
243,AMR,AMR_seed43.V_sequences.csv
244,AMR,AMR_seed44.V_sequences.csv
245,AMR,AMR_seed45.V_sequences.csv
246,AMR,AMR_seed46.V_sequences.csv
247,AMR,AMR_seed47.V_sequences.csv
248,AMR,AMR_seed48.V_sequences.csv
249,AMR,AMR_seed49.V_sequences.csv
250,AMR,AMR_seed50.V_sequences.csv
251,AMR,AMR_seed51.V_sequences.csv
252,AMR,AMR_seed52.V_sequences.csv
253,AMR,AMR_seed53.V_sequences.csv
254,AMR,AMR_seed54.V_sequences.csv
255,AMR,AMR_seed55.V_sequences.csv
256,AMR,AMR_seed56.V_sequences.csv
257,AMR,AMR_seed57.V_sequences.csv
258,AMR,AMR_seed58.V_sequences.csv
259,AMR,AMR_seed59.V_sequences.csv
260,AMR,AMR_seed60.V_sequences.csv
261,AMR,AMR_seed61.V_sequences.csv
262,AMR,AMR_seed62.V_sequences.csv
263,AMR,AMR_seed63.V_sequences.csv
264,AMR,AMR_seed64.V_sequences.csv
265,AMR,AMR_seed65.V_sequences.csv
266,AMR,AMR_seed66.V_sequences.csv
267,AMR,AMR_seed67.V_sequences.csv
268,AMR,AMR_seed68.V_sequences.csv
269,AMR,AMR_seed69.V_sequences.csv
270,AMR,AMR_seed70.V_sequences.csv
271,AMR,AMR_seed71.V_sequences.csv
272,AMR,AMR_seed72.V_sequences.csv
273,AMR,AMR_seed73.V_sequences.csv
274,AMR,AMR_seed74.V_sequences.csv
275,AMR,AMR_seed75.V_sequences.csv
276,AMR,AMR_seed76.V_sequences.csv
277,AMR,AMR_seed77.V_sequences.csv
278,AMR,AMR_seed78.V_sequences.csv
279,AMR,AMR_seed79.V_sequences.csv
280,AMR,AMR_seed80.V_sequences.csv
281,AMR,AMR_seed81.V_sequences.csv
282,AMR,AMR_seed82.V_sequences.csv
283,AMR,AMR_seed83.V_sequences.csv
284,AMR,AMR_seed84.V_sequences.csv
285,AMR,AMR_seed85.V_sequences.csv
286,AMR,AMR_seed86.V_sequences.csv
287,AMR,AMR_seed87.V_sequences.csv
288,AMR,AMR_seed88.V_sequences.csv
289,AMR,AMR_seed89.V_sequences.csv
290,AMR,AMR_seed90.V_sequences.csv
291,AMR,AMR_seed91.V_sequences.csv
292,AMR,AMR_seed92.V_sequences.csv
293,AMR,AMR_seed93.V_sequences.csv
294,AMR,AMR_seed94.V_sequences.csv
295,AMR,AMR_seed95.V_sequences.csv
296,AMR,AMR_seed96.V_sequences.csv
297,AMR,AMR_seed97.V_sequences.csv
298,AMR,AMR_seed98.V_sequences.csv
299,AMR,AMR_seed99.V_sequences.csv
300,AMR,AMR_seed0.J_sequences.csv
301,AMR,AMR_seed1.J_sequences.csv
302,AMR,AMR_seed2.J_sequences.csv
303,AMR,AMR_seed3.J_sequences.csv
304,AMR,AMR_seed4.J_sequences.csv
305,AMR,AMR_seed5.J_sequences.csv
306,AMR,AMR_seed6.J_sequences.csv
307,AMR,AMR_seed7.J_sequences.csv
308,AMR,AMR_seed8.J_sequences.csv
309,AMR,AMR_seed9.J_sequences.csv
310,AMR,AMR_seed10.J_sequences.csv
311,AMR,AMR_seed11.J_sequences.csv
312,AMR,AMR_seed12.J_sequences.csv
313,AMR,AMR_seed13.J_sequences.csv
314,AMR,AMR_seed14.J_sequences.csv
315,AMR,AMR_seed15.J_sequences.csv
316,AMR,AMR_seed16.J_sequences.csv
317,AMR,AMR_seed17.J_sequences.csv
318,AMR,AMR_seed18.J_sequences.csv
319,AMR,AMR_seed19.J_sequences.csv
320,AMR,AMR_seed20.J_sequences.csv
321,AMR,AMR_seed21.J_sequences.csv
322,AMR,AMR_seed22.J_sequences.csv
323,AMR,AMR_seed23.J_sequences.csv
324,AMR,AMR_seed24.J_sequences.csv
325,AMR,AMR_seed25.J_sequences.csv
326,AMR,AMR_seed26.J_sequences.csv
327,AMR,AMR_seed27.J_sequences.csv
328,AMR,AMR_seed28.J_sequences.csv
329,AMR,AMR_seed29.J_sequences.csv
330,AMR,AMR_seed30.J_sequences.csv
331,AMR,AMR_seed31.J_sequences.csv
332,AMR,AMR_seed32.J_sequences.csv
333,AMR,AMR_seed33.J_sequences.csv
334,AMR,AMR_seed34.J_sequences.csv
335,AMR,AMR_seed35.J_sequences.csv
336,AMR,AMR_seed36.J_sequences.csv
337,AMR,AMR_seed37.J_sequences.csv
338,AMR,AMR_seed38.J_sequences.csv
339,AMR,AMR_seed39.J_sequences.csv
340,AMR,AMR_seed40.J_sequences.csv
341,AMR,AMR_seed41.J_sequences.csv
342,AMR,AMR_seed42.J_sequences.csv
343,AMR,AMR_seed43.J_sequences.csv
344,AMR,AMR_seed44.J_sequences.csv
345,AMR,AMR_seed45.J_sequences.csv
346,AMR,AMR_seed46.J_sequences.csv
347,AMR,AMR_seed47.J_sequences.csv
348,AMR,AMR_seed48.J_sequences.csv
349,AMR,AMR_seed49.J_sequences.csv
350,AMR,AMR_seed50.J_sequences.csv
351,AMR,AMR_seed51.J_sequences.csv
352,AMR,AMR_seed52.J_sequences.csv
353,AMR,AMR_seed53.J_sequences.csv
354,AMR,AMR_seed54.J_sequences.csv
355,AMR,AMR_seed55.J_sequences.csv
356,AMR,AMR_seed56.J_sequences.csv
357,AMR,AMR_seed57.J_sequences.csv
358,AMR,AMR_seed58.J_sequences.csv
359,AMR,AMR_seed59.J_sequences.csv
360,AMR,AMR_seed60.J_sequences.csv
361,AMR,AMR_seed61.J_sequences.csv
362,AMR,AMR_seed62.J_sequences.csv
363,AMR,AMR_seed63.J_sequences.csv
364,AMR,AMR_seed64.J_sequences.csv
365,AMR,AMR_seed65.J_sequences.csv
366,AMR,AMR_seed66.J_sequences.csv
367,AMR,AMR_seed67.J_sequences.csv
368,AMR,AMR_seed68.J_sequences.csv
369,AMR,AMR_seed69.J_sequences.csv
370,AMR,AMR_seed70.J_sequences.csv
371,AMR,AMR_seed71.J_sequences.csv
372,AMR,AMR_seed72.J_sequences.csv
373,AMR,AMR_seed73.J_sequences.csv
374,AMR,AMR_seed74.J_sequences.csv
375,AMR,AMR_seed75.J_sequences.csv
376,AMR,AMR_seed76.J_sequences.csv
377,AMR,AMR_seed77.J_sequences.csv
378,AMR,AMR_seed78.J_sequences.csv
379,AMR,AMR_seed79.J_sequences.csv
380,AMR,AMR_seed80.J_sequences.csv
381,AMR,AMR_seed81.J_sequences.csv
382,AMR,AMR_seed82.J_sequences.csv
383,AMR,AMR_seed83.J_sequences.csv
384,AMR,AMR_seed84.J_sequences.csv
385,AMR,AMR_seed85.J_sequences.csv
386,AMR,AMR_seed86.J_sequences.csv
387,AMR,AMR_seed87.J_sequences.csv
388,AMR,AMR_seed88.J_sequences.csv
389,AMR,AMR_seed89.J_sequences.csv
390,AMR,AMR_seed90.J_sequences.csv
391,AMR,AMR_seed91.J_sequences.csv
392,AMR,AMR_seed92.J_sequences.csv
393,AMR,AMR_seed93.J_sequences.csv
394,AMR,AMR_seed94.J_sequences.csv
395,AMR,AMR_seed95.J_sequences.csv
396,AMR,AMR_seed96.J_sequences.csv
397,AMR,AMR_seed97.J_sequences.csv
398,AMR,AMR_seed98.J_sequences.csv
399,AMR,AMR_seed99.J_sequences.csv
400,EAS,EAS_seed0.V_sequences.csv
401,EAS,EAS_seed1.V_sequences.csv
402,EAS,EAS_seed2.V_sequences.csv
403,EAS,EAS_seed3.V_sequences.csv
404,EAS,EAS_seed4.V_sequences.csv
405,EAS,EAS_seed5.V_sequences.csv
406,EAS,EAS_seed6.V_sequences.csv
407,EAS,EAS_seed7.V_sequences.csv
408,EAS,EAS_seed8.V_sequences.csv
409,EAS,EAS_seed9.V_sequences.csv
410,EAS,EAS_seed10.V_sequences.csv
411,EAS,EAS_seed11.V_sequences.csv
412,EAS,EAS_seed12.V_sequences.csv
413,EAS,EAS_seed13.V_sequences.csv
414,EAS,EAS_seed14.V_sequences.csv
415,EAS,EAS_seed15.V_sequences.csv
416,EAS,EAS_seed16.V_sequences.csv
417,EAS,EAS_seed17.V_sequences.csv
418,EAS,EAS_seed18.V_sequences.csv
419,EAS,EAS_seed19.V_sequences.csv
420,EAS,EAS_seed20.V_sequences.csv
421,EAS,EAS_seed21.V_sequences.csv
422,EAS,EAS_seed22.V_sequences.csv
423,EAS,EAS_seed23.V_sequences.csv
424,EAS,EAS_seed24.V_sequences.csv
425,EAS,EAS_seed25.V_sequences.csv
426,EAS,EAS_seed26.V_sequences.csv
427,EAS,EAS_seed27.V_sequences.csv
428,EAS,EAS_seed28.V_sequences.csv
429,EAS,EAS_seed29.V_sequences.csv
430,EAS,EAS_seed30.V_sequences.csv
431,EAS,EAS_seed31.V_sequences.csv
432,EAS,EAS_seed32.V_sequences.csv
433,EAS,EAS_seed33.V_sequences.csv
434,EAS,EAS_seed34.V_sequences.csv
435,EAS,EAS_seed35.V_sequences.csv
436,EAS,EAS_seed36.V_sequences.csv
437,EAS,EAS_seed37.V_sequences.csv
438,EAS,EAS_seed38.V_sequences.csv
439,EAS,EAS_seed39.V_sequences.csv
440,EAS,EAS_seed40.V_sequences.csv
441,EAS,EAS_seed41.V_sequences.csv
442,EAS,EAS_seed42.V_sequences.csv
443,EAS,EAS_seed43.V_sequences.csv
444,EAS,EAS_seed44.V_sequences.csv
445,EAS,EAS_seed45.V_sequences.csv
446,EAS,EAS_seed46.V_sequences.csv
447,EAS,EAS_seed47.V_sequences.csv
448,EAS,EAS_seed48.V_sequences.csv
449,EAS,EAS_seed49.V_sequences.csv
450,EAS,EAS_seed50.V_sequences.csv
451,EAS,EAS_seed51.V_sequences.csv
452,EAS,EAS_seed52.V_sequences.csv
453,EAS,EAS_seed53.V_sequences.csv
454,EAS,EAS_seed54.V_sequences.csv
455,EAS,EAS_seed55.V_sequences.csv
456,EAS,EAS_seed56.V_sequences.csv
457,EAS,EAS_seed57.V_sequences.csv
458,EAS,EAS_seed58.V_sequences.csv
459,EAS,EAS_seed59.V_sequences.csv
460,EAS,EAS_seed60.V_sequences.csv
461,EAS,EAS_seed61.V_sequences.csv
462,EAS,EAS_seed62.V_sequences.csv
463,EAS,EAS_seed63.V_sequences.csv
464,EAS,EAS_seed64.V_sequences.csv
465,EAS,EAS_seed65.V_sequences.csv
466,EAS,EAS_seed66.V_sequences.csv
467,EAS,EAS_seed67.V_sequences.csv
468,EAS,EAS_seed68.V_sequences.csv
469,EAS,EAS_seed69.V_sequences.csv
470,EAS,EAS_seed70.V_sequences.csv
471,EAS,EAS_seed71.V_sequences.csv
472,EAS,EAS_seed72.V_sequences.csv
473,EAS,EAS_seed73.V_sequences.csv
474,EAS,EAS_seed74.V_sequences.csv
475,EAS,EAS_seed75.V_sequences.csv
476,EAS,EAS_seed76.V_sequences.csv
477,EAS,EAS_seed77.V_sequences.csv
478,EAS,EAS_seed78.V_sequences.csv
479,EAS,EAS_seed79.V_sequences.csv
480,EAS,EAS_seed80.V_sequences.csv
481,EAS,EAS_seed81.V_sequences.csv
482,EAS,EAS_seed82.V_sequences.csv
483,EAS,EAS_seed83.V_sequences.csv
484,EAS,EAS_seed84.V_sequences.csv
485,EAS,EAS_seed85.V_sequences.csv
486,EAS,EAS_seed86.V_sequences.csv
487,EAS,EAS_seed87.V_sequences.csv
488,EAS,EAS_seed88.V_sequences.csv
489,EAS,EAS_seed89.V_sequences.csv
490,EAS,EAS_seed90.V_sequences.csv
491,EAS,EAS_seed91.V_sequences.csv
492,EAS,EAS_seed92.V_sequences.csv
493,EAS,EAS_seed93.V_sequences.csv
494,EAS,EAS_seed94.V_sequences.csv
495,EAS,EAS_seed95.V_sequences.csv
496,EAS,EAS_seed96.V_sequences.csv
497,EAS,EAS_seed97.V_sequences.csv
498,EAS,EAS_seed98.V_sequences.csv
499,EAS,EAS_seed99.V_sequences.csv
500,EAS,EAS_seed0.J_sequences.csv
501,EAS,EAS_seed1.J_sequences.csv
502,EAS,EAS_seed2.J_sequences.csv
503,EAS,EAS_seed3.J_sequences.csv
504,EAS,EAS_seed4.J_sequences.csv
505,EAS,EAS_seed5.J_sequences.csv
506,EAS,EAS_seed6.J_sequences.csv
507,EAS,EAS_seed7.J_sequences.csv
508,EAS,EAS_seed8.J_sequences.csv
509,EAS,EAS_seed9.J_sequences.csv
510,EAS,EAS_seed10.J_sequences.csv
511,EAS,EAS_seed11.J_sequences.csv
512,EAS,EAS_seed12.J_sequences.csv
513,EAS,EAS_seed13.J_sequences.csv
514,EAS,EAS_seed14.J_sequences.csv
515,EAS,EAS_seed15.J_sequences.csv
516,EAS,EAS_seed16.J_sequences.csv
517,EAS,EAS_seed17.J_sequences.csv
518,EAS,EAS_seed18.J_sequences.csv
519,EAS,EAS_seed19.J_sequences.csv
520,EAS,EAS_seed20.J_sequences.csv
521,EAS,EAS_seed21.J_sequences.csv
522,EAS,EAS_seed22.J_sequences.csv
523,EAS,EAS_seed23.J_sequences.csv
524,EAS,EAS_seed24.J_sequences.csv
525,EAS,EAS_seed25.J_sequences.csv
526,EAS,EAS_seed26.J_sequences.csv
527,EAS,EAS_seed27.J_sequences.csv
528,EAS,EAS_seed28.J_sequences.csv
529,EAS,EAS_seed29.J_sequences.csv
530,EAS,EAS_seed30.J_sequences.csv
531,EAS,EAS_seed31.J_sequences.csv
532,EAS,EAS_seed32.J_sequences.csv
533,EAS,EAS_seed33.J_sequences.csv
534,EAS,EAS_seed34.J_sequences.csv
535,EAS,EAS_seed35.J_sequences.csv
536,EAS,EAS_seed36.J_sequences.csv
537,EAS,EAS_seed37.J_sequences.csv
538,EAS,EAS_seed38.J_sequences.csv
539,EAS,EAS_seed39.J_sequences.csv
540,EAS,EAS_seed40.J_sequences.csv
541,EAS,EAS_seed41.J_sequences.csv
542,EAS,EAS_seed42.J_sequences.csv
543,EAS,EAS_seed43.J_sequences.csv
544,EAS,EAS_seed44.J_sequences.csv
545,EAS,EAS_seed45.J_sequences.csv
546,EAS,EAS_seed46.J_sequences.csv
547,EAS,EAS_seed47.J_sequences.csv
548,EAS,EAS_seed48.J_sequences.csv
549,EAS,EAS_seed49.J_sequences.csv
550,EAS,EAS_seed50.J_sequences.csv
551,EAS,EAS_seed51.J_sequences.csv
552,EAS,EAS_seed52.J_sequences.csv
553,EAS,EAS_seed53.J_sequences.csv
554,EAS,EAS_seed54.J_sequences.csv
555,EAS,EAS_seed55.J_sequences.csv
556,EAS,EAS_seed56.J_sequences.csv
557,EAS,EAS_seed57.J_sequences.csv
558,EAS,EAS_seed58.J_sequences.csv
559,EAS,EAS_seed59.J_sequences.csv
560,EAS,EAS_seed60.J_sequences.csv
561,EAS,EAS_seed61.J_sequences.csv
562,EAS,EAS_seed62.J_sequences.csv
563,EAS,EAS_seed63.J_sequences.csv
564,EAS,EAS_seed64.J_sequences.csv
565,EAS,EAS_seed65.J_sequences.csv
566,EAS,EAS_seed66.J_sequences.csv
567,EAS,EAS_seed67.J_sequences.csv
568,EAS,EAS_seed68.J_sequences.csv
569,EAS,EAS_seed69.J_sequences.csv
570,EAS,EAS_seed70.J_sequences.csv
571,EAS,EAS_seed71.J_sequences.csv
572,EAS,EAS_seed72.J_sequences.csv
573,EAS,EAS_seed73.J_sequences.csv
574,EAS,EAS_seed74.J_sequences.csv
575,EAS,EAS_seed75.J_sequences.csv
576,EAS,EAS_seed76.J_sequences.csv
577,EAS,EAS_seed77.J_sequences.csv
578,EAS,EAS_seed78.J_sequences.csv
579,EAS,EAS_seed79.J_sequences.csv
580,EAS,EAS_seed80.J_sequences.csv
581,EAS,EAS_seed81.J_sequences.csv
582,EAS,EAS_seed82.J_sequences.csv
583,EAS,EAS_seed83.J_sequences.csv
584,EAS,EAS_seed84.J_sequences.csv
585,EAS,EAS_seed85.J_sequences.csv
586,EAS,EAS_seed86.J_sequences.csv
587,EAS,EAS_seed87.J_sequences.csv
588,EAS,EAS_seed88.J_sequences.csv
589,EAS,EAS_seed89.J_sequences.csv
590,EAS,EAS_seed90.J_sequences.csv
591,EAS,EAS_seed91.J_sequences.csv
592,EAS,EAS_seed92.J_sequences.csv
593,EAS,EAS_seed93.J_sequences.csv
594,EAS,EAS_seed94.J_sequences.csv
595,EAS,EAS_seed95.J_sequences.csv
596,EAS,EAS_seed96.J_sequences.csv
597,EAS,EAS_seed97.J_sequences.csv
598,EAS,EAS_seed98.J_sequences.csv
599,EAS,EAS_seed99.J_sequences.csv
600,EUR,EUR_seed0.V_sequences.csv
601,EUR,EUR_seed1.V_sequences.csv
602,EUR,EUR_seed2.V_sequences.csv
603,EUR,EUR_seed3.V_sequences.csv
604,EUR,EUR_seed4.V_sequences.csv
605,EUR,EUR_seed5.V_sequences.csv
606,EUR,EUR_seed6.V_sequences.csv
607,EUR,EUR_seed7.V_sequences.csv
608,EUR,EUR_seed8.V_sequences.csv
609,EUR,EUR_seed9.V_sequences.csv
610,EUR,EUR_seed10.V_sequences.csv
611,EUR,EUR_seed11.V_sequences.csv
612,EUR,EUR_seed12.V_sequences.csv
613,EUR,EUR_seed13.V_sequences.csv
614,EUR,EUR_seed14.V_sequences.csv
615,EUR,EUR_seed15.V_sequences.csv
616,EUR,EUR_seed16.V_sequences.csv
617,EUR,EUR_seed17.V_sequences.csv
618,EUR,EUR_seed18.V_sequences.csv
619,EUR,EUR_seed19.V_sequences.csv
620,EUR,EUR_seed20.V_sequences.csv
621,EUR,EUR_seed21.V_sequences.csv
622,EUR,EUR_seed22.V_sequences.csv
623,EUR,EUR_seed23.V_sequences.csv
624,EUR,EUR_seed24.V_sequences.csv
625,EUR,EUR_seed25.V_sequences.csv
626,EUR,EUR_seed26.V_sequences.csv
627,EUR,EUR_seed27.V_sequences.csv
628,EUR,EUR_seed28.V_sequences.csv
629,EUR,EUR_seed29.V_sequences.csv
630,EUR,EUR_seed30.V_sequences.csv
631,EUR,EUR_seed31.V_sequences.csv
632,EUR,EUR_seed32.V_sequences.csv
633,EUR,EUR_seed33.V_sequences.csv
634,EUR,EUR_seed34.V_sequences.csv
635,EUR,EUR_seed35.V_sequences.csv
636,EUR,EUR_seed36.V_sequences.csv
637,EUR,EUR_seed37.V_sequences.csv
638,EUR,EUR_seed38.V_sequences.csv
639,EUR,EUR_seed39.V_sequences.csv
640,EUR,EUR_seed40.V_sequences.csv
641,EUR,EUR_seed41.V_sequences.csv
642,EUR,EUR_seed42.V_sequences.csv
643,EUR,EUR_seed43.V_sequences.csv
644,EUR,EUR_seed44.V_sequences.csv
645,EUR,EUR_seed45.V_sequences.csv
646,EUR,EUR_seed46.V_sequences.csv
647,EUR,EUR_seed47.V_sequences.csv
648,EUR,EUR_seed48.V_sequences.csv
649,EUR,EUR_seed49.V_sequences.csv
650,EUR,EUR_seed50.V_sequences.csv
651,EUR,EUR_seed51.V_sequences.csv
652,EUR,EUR_seed52.V_sequences.csv
653,EUR,EUR_seed53.V_sequences.csv
654,EUR,EUR_seed54.V_sequences.csv
655,EUR,EUR_seed55.V_sequences.csv
656,EUR,EUR_seed56.V_sequences.csv
657,EUR,EUR_seed57.V_sequences.csv
658,EUR,EUR_seed58.V_sequences.csv
659,EUR,EUR_seed59.V_sequences.csv
660,EUR,EUR_seed60.V_sequences.csv
661,EUR,EUR_seed61.V_sequences.csv
662,EUR,EUR_seed62.V_sequences.csv
663,EUR,EUR_seed63.V_sequences.csv
664,EUR,EUR_seed64.V_sequences.csv
665,EUR,EUR_seed65.V_sequences.csv
666,EUR,EUR_seed66.V_sequences.csv
667,EUR,EUR_seed67.V_sequences.csv
668,EUR,EUR_seed68.V_sequences.csv
669,EUR,EUR_seed69.V_sequences.csv
670,EUR,EUR_seed70.V_sequences.csv
671,EUR,EUR_seed71.V_sequences.csv
672,EUR,EUR_seed72.V_sequences.csv
673,EUR,EUR_seed73.V_sequences.csv
674,EUR,EUR_seed74.V_sequences.csv
675,EUR,EUR_seed75.V_sequences.csv
676,EUR,EUR_seed76.V_sequences.csv
677,EUR,EUR_seed77.V_sequences.csv
678,EUR,EUR_seed78.V_sequences.csv
679,EUR,EUR_seed79.V_sequences.csv
680,EUR,EUR_seed80.V_sequences.csv
681,EUR,EUR_seed81.V_sequences.csv
682,EUR,EUR_seed82.V_sequences.csv
683,EUR,EUR_seed83.V_sequences.csv
684,EUR,EUR_seed84.V_sequences.csv
685,EUR,EUR_seed85.V_sequences.csv
686,EUR,EUR_seed86.V_sequences.csv
687,EUR,EUR_seed87.V_sequences.csv
688,EUR,EUR_seed88.V_sequences.csv
689,EUR,EUR_seed89.V_sequences.csv
690,EUR,EUR_seed90.V_sequences.csv
691,EUR,EUR_seed91.V_sequences.csv
692,EUR,EUR_seed92.V_sequences.csv
693,EUR,EUR_seed93.V_sequences.csv
694,EUR,EUR_seed94.V_sequences.csv
695,EUR,EUR_seed95.V_sequences.csv
696,EUR,EUR_seed96.V_sequences.csv
697,EUR,EUR_seed97.V_sequences.csv
698,EUR,EUR_seed98.V_sequences.csv
699,EUR,EUR_seed99.V_sequences.csv
700,EUR,EUR_seed0.J_sequences.csv
701,EUR,EUR_seed1.J_sequences.csv
702,EUR,EUR_seed2.J_sequences.csv
703,EUR,EUR_seed3.J_sequences.csv
704,EUR,EUR_seed4.J_sequences.csv
705,EUR,EUR_seed5.J_sequences.csv
706,EUR,EUR_seed6.J_sequences.csv
707,EUR,EUR_seed7.J_sequences.csv
708,EUR,EUR_seed8.J_sequences.csv
709,EUR,EUR_seed9.J_sequences.csv
710,EUR,EUR_seed10.J_sequences.csv
711,EUR,EUR_seed11.J_sequences.csv
712,EUR,EUR_seed12.J_sequences.csv
713,EUR,EUR_seed13.J_sequences.csv
714,EUR,EUR_seed14.J_sequences.csv
715,EUR,EUR_seed15.J_sequences.csv
716,EUR,EUR_seed16.J_sequences.csv
717,EUR,EUR_seed17.J_sequences.csv
718,EUR,EUR_seed18.J_sequences.csv
719,EUR,EUR_seed19.J_sequences.csv
720,EUR,EUR_seed20.J_sequences.csv
721,EUR,EUR_seed21.J_sequences.csv
722,EUR,EUR_seed22.J_sequences.csv
723,EUR,EUR_seed23.J_sequences.csv
724,EUR,EUR_seed24.J_sequences.csv
725,EUR,EUR_seed25.J_sequences.csv
726,EUR,EUR_seed26.J_sequences.csv
727,EUR,EUR_seed27.J_sequences.csv
728,EUR,EUR_seed28.J_sequences.csv
729,EUR,EUR_seed29.J_sequences.csv
730,EUR,EUR_seed30.J_sequences.csv
731,EUR,EUR_seed31.J_sequences.csv
732,EUR,EUR_seed32.J_sequences.csv
733,EUR,EUR_seed33.J_sequences.csv
734,EUR,EUR_seed34.J_sequences.csv
735,EUR,EUR_seed35.J_sequences.csv
736,EUR,EUR_seed36.J_sequences.csv
737,EUR,EUR_seed37.J_sequences.csv
738,EUR,EUR_seed38.J_sequences.csv
739,EUR,EUR_seed39.J_sequences.csv
740,EUR,EUR_seed40.J_sequences.csv
741,EUR,EUR_seed41.J_sequences.csv
742,EUR,EUR_seed42.J_sequences.csv
743,EUR,EUR_seed43.J_sequences.csv
744,EUR,EUR_seed44.J_sequences.csv
745,EUR,EUR_seed45.J_sequences.csv
746,EUR,EUR_seed46.J_sequences.csv
747,EUR,EUR_seed47.J_sequences.csv
748,EUR,EUR_seed48.J_sequences.csv
749,EUR,EUR_seed49.J_sequences.csv
750,EUR,EUR_seed50.J_sequences.csv
751,EUR,EUR_seed51.J_sequences.csv
752,EUR,EUR_seed52.J_sequences.csv
753,EUR,EUR_seed53.J_sequences.csv
754,EUR,EUR_seed54.J_sequences.csv
755,EUR,EUR_seed55.J_sequences.csv
756,EUR,EUR_seed56.J_sequences.csv
757,EUR,EUR_seed57.J_sequences.csv
758,EUR,EUR_seed58.J_sequences.csv
759,EUR,EUR_seed59.J_sequences.csv
760,EUR,EUR_seed60.J_sequences.csv
761,EUR,EUR_seed61.J_sequences.csv
762,EUR,EUR_seed62.J_sequences.csv
763,EUR,EUR_seed63.J_sequences.csv
764,EUR,EUR_seed64.J_sequences.csv
765,EUR,EUR_seed65.J_sequences.csv
766,EUR,EUR_seed66.J_sequences.csv
767,EUR,EUR_seed67.J_sequences.csv
768,EUR,EUR_seed68.J_sequences.csv
769,EUR,EUR_seed69.J_sequences.csv
770,EUR,EUR_seed70.J_sequences.csv
771,EUR,EUR_seed71.J_sequences.csv
772,EUR,EUR_seed72.J_sequences.csv
773,EUR,EUR_seed73.J_sequences.csv
774,EUR,EUR_seed74.J_sequences.csv
775,EUR,EUR_seed75.J_sequences.csv
776,EUR,EUR_seed76.J_sequences.csv
777,EUR,EUR_seed77.J_sequences.csv
778,EUR,EUR_seed78.J_sequences.csv
779,EUR,EUR_seed79.J_sequences.csv
780,EUR,EUR_seed80.J_sequences.csv
781,EUR,EUR_seed81.J_sequences.csv
782,EUR,EUR_seed82.J_sequences.csv
783,EUR,EUR_seed83.J_sequences.csv
784,EUR,EUR_seed84.J_sequences.csv
785,EUR,EUR_seed85.J_sequences.csv
786,EUR,EUR_seed86.J_sequences.csv
787,EUR,EUR_seed87.J_sequences.csv
788,EUR,EUR_seed88.J_sequences.csv
789,EUR,EUR_seed89.J_sequences.csv
790,EUR,EUR_seed90.J_sequences.csv
791,EUR,EUR_seed91.J_sequences.csv
792,EUR,EUR_seed92.J_sequences.csv
793,EUR,EUR_seed93.J_sequences.csv
794,EUR,EUR_seed94.J_sequences.csv
795,EUR,EUR_seed95.J_sequences.csv
796,EUR,EUR_seed96.J_sequences.csv
797,EUR,EUR_seed97.J_sequences.csv
798,EUR,EUR_seed98.J_sequences.csv
799,EUR,EUR_seed99.J_sequences.csv
800,SAS,SAS_seed0.V_sequences.csv
801,SAS,SAS_seed1.V_sequences.csv
802,SAS,SAS_seed2.V_sequences.csv
803,SAS,SAS_seed3.V_sequences.csv
804,SAS,SAS_seed4.V_sequences.csv
805,SAS,SAS_seed5.V_sequences.csv
806,SAS,SAS_seed6.V_sequences.csv
807,SAS,SAS_seed7.V_sequences.csv
808,SAS,SAS_seed8.V_sequences.csv
809,SAS,SAS_seed9.V_sequences.csv
810,SAS,SAS_seed10.V_sequences.csv
811,SAS,SAS_seed11.V_sequences.csv
812,SAS,SAS_seed12.V_sequences.csv
813,SAS,SAS_seed13.V_sequences.csv
814,SAS,SAS_seed14.V_sequences.csv
815,SAS,SAS_seed15.V_sequences.csv
816,SAS,SAS_seed16.V_sequences.csv
817,SAS,SAS_seed17.V_sequences.csv
818,SAS,SAS_seed18.V_sequences.csv
819,SAS,SAS_seed19.V_sequences.csv
820,SAS,SAS_seed20.V_sequences.csv
821,SAS,SAS_seed21.V_sequences.csv
822,SAS,SAS_seed22.V_sequences.csv
823,SAS,SAS_seed23.V_sequences.csv
824,SAS,SAS_seed24.V_sequences.csv
825,SAS,SAS_seed25.V_sequences.csv
826,SAS,SAS_seed26.V_sequences.csv
827,SAS,SAS_seed27.V_sequences.csv
828,SAS,SAS_seed28.V_sequences.csv
829,SAS,SAS_seed29.V_sequences.csv
830,SAS,SAS_seed30.V_sequences.csv
831,SAS,SAS_seed31.V_sequences.csv
832,SAS,SAS_seed32.V_sequences.csv
833,SAS,SAS_seed33.V_sequences.csv
834,SAS,SAS_seed34.V_sequences.csv
835,SAS,SAS_seed35.V_sequences.csv
836,SAS,SAS_seed36.V_sequences.csv
837,SAS,SAS_seed37.V_sequences.csv
838,SAS,SAS_seed38.V_sequences.csv
839,SAS,SAS_seed39.V_sequences.csv
840,SAS,SAS_seed40.V_sequences.csv
841,SAS,SAS_seed41.V_sequences.csv
842,SAS,SAS_seed42.V_sequences.csv
843,SAS,SAS_seed43.V_sequences.csv
844,SAS,SAS_seed44.V_sequences.csv
845,SAS,SAS_seed45.V_sequences.csv
846,SAS,SAS_seed46.V_sequences.csv
847,SAS,SAS_seed47.V_sequences.csv
848,SAS,SAS_seed48.V_sequences.csv
849,SAS,SAS_seed49.V_sequences.csv
850,SAS,SAS_seed50.V_sequences.csv
851,SAS,SAS_seed51.V_sequences.csv
852,SAS,SAS_seed52.V_sequences.csv
853,SAS,SAS_seed53.V_sequences.csv
854,SAS,SAS_seed54.V_sequences.csv
855,SAS,SAS_seed55.V_sequences.csv
856,SAS,SAS_seed56.V_sequences.csv
857,SAS,SAS_seed57.V_sequences.csv
858,SAS,SAS_seed58.V_sequences.csv
859,SAS,SAS_seed59.V_sequences.csv
860,SAS,SAS_seed60.V_sequences.csv
861,SAS,SAS_seed61.V_sequences.csv
862,SAS,SAS_seed62.V_sequences.csv
863,SAS,SAS_seed63.V_sequences.csv
864,SAS,SAS_seed64.V_sequences.csv
865,SAS,SAS_seed65.V_sequences.csv
866,SAS,SAS_seed66.V_sequences.csv
867,SAS,SAS_seed67.V_sequences.csv
868,SAS,SAS_seed68.V_sequences.csv
869,SAS,SAS_seed69.V_sequences.csv
870,SAS,SAS_seed70.V_sequences.csv
871,SAS,SAS_seed71.V_sequences.csv
872,SAS,SAS_seed72.V_sequences.csv
873,SAS,SAS_seed73.V_sequences.csv
874,SAS,SAS_seed74.V_sequences.csv
875,SAS,SAS_seed75.V_sequences.csv
876,SAS,SAS_seed76.V_sequences.csv
877,SAS,SAS_seed77.V_sequences.csv
878,SAS,SAS_seed78.V_sequences.csv
879,SAS,SAS_seed79.V_sequences.csv
880,SAS,SAS_seed80.V_sequences.csv
881,SAS,SAS_seed81.V_sequences.csv
882,SAS,SAS_seed82.V_sequences.csv
883,SAS,SAS_seed83.V_sequences.csv
884,SAS,SAS_seed84.V_sequences.csv
885,SAS,SAS_seed85.V_sequences.csv
886,SAS,SAS_seed86.V_sequences.csv
887,SAS,SAS_seed87.V_sequences.csv
888,SAS,SAS_seed88.V_sequences.csv
889,SAS,SAS_seed89.V_sequences.csv
890,SAS,SAS_seed90.V_sequences.csv
891,SAS,SAS_seed91.V_sequences.csv
892,SAS,SAS_seed92.V_sequences.csv
893,SAS,SAS_seed93.V_sequences.csv
894,SAS,SAS_seed94.V_sequences.csv
895,SAS,SAS_seed95.V_sequences.csv
896,SAS,SAS_seed96.V_sequences.csv
897,SAS,SAS_seed97.V_sequences.csv
898,SAS,SAS_seed98.V_sequences.csv
899,SAS,SAS_seed99.V_sequences.csv
900,SAS,SAS_seed0.J_sequences.csv
901,SAS,SAS_seed1.J_sequences.csv
902,SAS,SAS_seed2.J_sequences.csv
903,SAS,SAS_seed3.J_sequences.csv
904,SAS,SAS_seed4.J_sequences.csv
905,SAS,SAS_seed5.J_sequences.csv
906,SAS,SAS_seed6.J_sequences.csv
907,SAS,SAS_seed7.J_sequences.csv
908,SAS,SAS_seed8.J_sequences.csv
909,SAS,SAS_seed9.J_sequences.csv
910,SAS,SAS_seed10.J_sequences.csv
911,SAS,SAS_seed11.J_sequences.csv
912,SAS,SAS_seed12.J_sequences.csv
913,SAS,SAS_seed13.J_sequences.csv
914,SAS,SAS_seed14.J_sequences.csv
915,SAS,SAS_seed15.J_sequences.csv
916,SAS,SAS_seed16.J_sequences.csv
917,SAS,SAS_seed17.J_sequences.csv
918,SAS,SAS_seed18.J_sequences.csv
919,SAS,SAS_seed19.J_sequences.csv
920,SAS,SAS_seed20.J_sequences.csv
921,SAS,SAS_seed21.J_sequences.csv
922,SAS,SAS_seed22.J_sequences.csv
923,SAS,SAS_seed23.J_sequences.csv
924,SAS,SAS_seed24.J_sequences.csv
925,SAS,SAS_seed25.J_sequences.csv
926,SAS,SAS_seed26.J_sequences.csv
927,SAS,SAS_seed27.J_sequences.csv
928,SAS,SAS_seed28.J_sequences.csv
929,SAS,SAS_seed29.J_sequences.csv
930,SAS,SAS_seed30.J_sequences.csv
931,SAS,SAS_seed31.J_sequences.csv
932,SAS,SAS_seed32.J_sequences.csv
933,SAS,SAS_seed33.J_sequences.csv
934,SAS,SAS_seed34.J_sequences.csv
935,SAS,SAS_seed35.J_sequences.csv
936,SAS,SAS_seed36.J_sequences.csv
937,SAS,SAS_seed37.J_sequences.csv
938,SAS,SAS_seed38.J_sequences.csv
939,SAS,SAS_seed39.J_sequences.csv
940,SAS,SAS_seed40.J_sequences.csv
941,SAS,SAS_seed41.J_sequences.csv
942,SAS,SAS_seed42.J_sequences.csv
943,SAS,SAS_seed43.J_sequences.csv
944,SAS,SAS_seed44.J_sequences.csv
945,SAS,SAS_seed45.J_sequences.csv
946,SAS,SAS_seed46.J_sequences.csv
947,SAS,SAS_seed47.J_sequences.csv
948,SAS,SAS_seed48.J_sequences.csv
949,SAS,SAS_seed49.J_sequences.csv
950,SAS,SAS_seed50.J_sequences.csv
951,SAS,SAS_seed51.J_sequences.csv
952,SAS,SAS_seed52.J_sequences.csv
953,SAS,SAS_seed53.J_sequences.csv
954,SAS,SAS_seed54.J_sequences.csv
955,SAS,SAS_seed55.J_sequences.csv
956,SAS,SAS_seed56.J_sequences.csv
957,SAS,SAS_seed57.J_sequences.csv
958,SAS,SAS_seed58.J_sequences.csv
959,SAS,SAS_seed59.J_sequences.csv
960,SAS,SAS_seed60.J_sequences.csv
961,SAS,SAS_seed61.J_sequences.csv
962,SAS,SAS_seed62.J_sequences.csv
963,SAS,SAS_seed63.J_sequences.csv
964,SAS,SAS_seed64.J_sequences.csv
965,SAS,SAS_seed65.J_sequences.csv
966,SAS,SAS_seed66.J_sequences.csv
967,SAS,SAS_seed67.J_sequences.csv
968,SAS,SAS_seed68.J_sequences.csv
969,SAS,SAS_seed69.J_sequences.csv
970,SAS,SAS_seed70.J_sequences.csv
971,SAS,SAS_seed71.J_sequences.csv
972,SAS,SAS_seed72.J_sequences.csv
973,SAS,SAS_seed73.J_sequences.csv
974,SAS,SAS_seed74.J_sequences.csv
975,SAS,SAS_seed75.J_sequences.csv
976,SAS,SAS_seed76.J_sequences.csv
977,SAS,SAS_seed77.J_sequences.csv
978,SAS,SAS_seed78.J_sequences.csv
979,SAS,SAS_seed79.J_sequences.csv
980,SAS,SAS_seed80.J_sequences.csv
981,SAS,SAS_seed81.J_sequences.csv
982,SAS,SAS_seed82.J_sequences.csv
983,SAS,SAS_seed83.J_sequences.csv
984,SAS,SAS_seed84.J_sequences.csv
985,SAS,SAS_seed85.J_sequences.csv
986,SAS,SAS_seed86.J_sequences.csv
987,SAS,SAS_seed87.J_sequences.csv
988,SAS,SAS_seed88.J_sequences.csv
989,SAS,SAS_seed89.J_sequences.csv
990,SAS,SAS_seed90.J_sequences.csv
991,SAS,SAS_seed91.J_sequences.csv
992,SAS,SAS_seed92.J_sequences.csv
993,SAS,SAS_seed93.J_sequences.csv
994,SAS,SAS_seed94.J_sequences.csv
995,SAS,SAS_seed95.J_sequences.csv
996,SAS,SAS_seed96.J_sequences.csv
997,SAS,SAS_seed97.J_sequences.csv
998,SAS,SAS_seed98.J_sequences.csv
999,SAS,SAS_seed99.J_sequences.csv
